327,966217823,CPU001,Compumax,Equipo de computo,CPU,2500000,Compumax Computo,CPU - Bodg50-9051-900-0017 GMR ESC,400SN39173,Campuslands,Asignado,Salón Sputnik
327,966217823,MON001,Compumax,Equipo de computo,Monitor,500000,Compumax Computo,Monitor - Bodg50-9051-900-0017 GMR ESC,COM2024CM21070723,Campuslands,Asignado,Salón Sputnik
327,966217823,TE0001,Compumax,Equipo de computo,Teclado,60000,Compumax Computo,Teclado - Bodg50-9051-900-0017 GMR ESC,KBM130091706,Campuslands,Asignado,Salón Sputnik
327,966217823,MO0001,Compumax,Equipo de computo,Mouse,54000,Compumax Computo,Mouse - Bodg50-9051-900-0017 GMR ESC,Sin serial,Campuslands,Asignado,Salón Sputnik
327,966217823,CPU002,Compumax,Equipo de computo,CPU,2500000,Compumax Computo,CPU - Bodg50-9051-900-0017 GMR ESC,400SN39208,Campuslands,Asignado,Salón Sputnik
327,966217823,MON002,Compumax,Equipo de computo,Monitor,500000,Compumax Computo,Monitor - Bodg50-9051-900-0017 GMR ESC,COM2024CM21070880,Campuslands,Asignado,Salón Sputnik
327,966217823,TE0002,Compumax,Equipo de computo,Teclado,60000,Compumax Computo,Teclado - Bodg50-9051-900-0017 GMR ESC,KBM130090718,Campuslands,Asignado,Salón Sputnik
327,966217823,MO0002,Compumax,Equipo de computo,Mouse,54000,Compumax Computo,Mouse - Bodg50-9051-900-0017 GMR ESC,Sin serial,Campuslands,Asignado,Salón Sputnik
327,966217823,CPU003,Compumax,Equipo de computo,CPU,2500000,Compumax Computo,CPU - Bodg50-9051-900-0017 GMR ESC,400SN39182,Campuslands,Asignado,Salón Sputnik
327,966217823,MON003,Compumax,Equipo de computo,Monitor,500000,Compumax Computo,Monitor - Bodg50-9051-900-0017 GMR ESC,COM2024CM21070018,Campuslands,Asignado,Salón Sputnik
327,966217823,TE0003,Compumax,Equipo de computo,Teclado,60000,Compumax Computo,Teclado - Bodg50-9051-900-0017 GMR ESC,KBM130090717,Campuslands,Asignado,Salón Sputnik
327,966217823,MO0003,Compumax,Equipo de computo,Mouse,54000,Compumax Computo,Mouse - Bodg50-9051-900-0017 GMR ESC,Sin serial,Campuslands,Asignado,Salón Sputnik
327,966217823,CPU004,Compumax,Equipo de computo,CPU,2500000,Compumax Computo,CPU - Bodg50-9051-900-0017 GMR ESC,400SN39190,Campuslands,Asignado,Salón Sputnik
327,966217823,MON004,Compumax,Equipo de computo,Monitor,500000,Compumax Computo,Monitor - Bodg50-9051-900-0017 GMR ESC,COM2024CM21070876,Campuslands,Asignado,Salón Sputnik
327,966217823,TE0004,Compumax,Equipo de computo,Teclado,60000,Compumax Computo,Teclado - Bodg50-9051-900-0017 GMR ESC,KBM130090719,Campuslands,Asignado,Salón Sputnik
327,966217823,MO0004,Compumax,Equipo de computo,Mouse,54000,Compumax Computo,Mouse - Bodg50-9051-900-0017 GMR ESC,Sin serial,Campuslands,Asignado,Salón Sputnik
327,966217823,CPU005,Compumax,Equipo de computo,CPU,2500000,Compumax Computo,CPU - Bodg50-9051-900-0017 GMR ESC,400SN39186,Campuslands,Asignado,Salón Sputnik
327,966217823,MON005,Compumax,Equipo de computo,Monitor,500000,Compumax Computo,Monitor - Bodg50-9051-900-0017 GMR ESC,COM2024CM21070838,Campuslands,Asignado,Salón Sputnik
327,966217823,TE0005,Compumax,Equipo de computo,Teclado,60000,Compumax Computo,Teclado - Bodg50-9051-900-0017 GMR ESC,KBM130091718,Campuslands,Asignado,Salón Sputnik
327,966217823,MO0005,Compumax,Equipo de computo,Mouse,54000,Compumax Computo,Mouse - Bodg50-9051-900-0017 GMR ESC,Sin serial,Campuslands,Asignado,Salón Sputnik
327,966217823,CPU006,Compumax,Equipo de computo,CPU,2500000,Compumax Computo,CPU - Bodg50-9051-900-0017 GMR ESC,400SN39198,Campuslands,Asignado,Salón Sputnik
327,966217823,MON006,Compumax,Equipo de computo,Monitor,500000,Compumax Computo,Monitor - Bodg50-9051-900-0017 GMR ESC,COM2024CM21070638,Campuslands,Asignado,Salón Sputnik
327,966217823,TE0006,Compumax,Equipo de computo,Teclado,60000,Compumax Computo,Teclado - Bodg50-9051-900-0017 GMR ESC,KBM130091719,Campuslands,Asignado,Salón Sputnik
327,966217823,MO0006,Compumax,Equipo de computo,Mouse,54000,Compumax Computo,Mouse - Bodg50-9051-900-0017 GMR ESC,Sin serial,Campuslands,Asignado,Salón Sputnik
327,966217823,CPU007,Compumax,Equipo de computo,CPU,2500000,Compumax Computo,CPU - Bodg50-9051-900-0017 GMR ESC,102SN55107,Campuslands,Asignado,Salón Sputnik
327,966217823,MON007,Compumax,Equipo de computo,Monitor,500000,Compumax Computo,Monitor - Bodg50-9051-900-0017 GMR ESC,COM2024CM21070037,Campuslands,Asignado,Salón Sputnik
327,966217823,TE0007,Compumax,Equipo de computo,Teclado,60000,Compumax Computo,Teclado - Bodg50-9051-900-0017 GMR ESC,KBM130091731,Campuslands,Asignado,Salón Sputnik
327,966217823,MO0007,Compumax,Equipo de computo,Mouse,54000,Compumax Computo,Mouse - Bodg50-9051-900-0017 GMR ESC,Sin serial,Campuslands,Asignado,Salón Sputnik
327,966217823,CPU008,Compumax,Equipo de computo,CPU,2500000,Compumax Computo,CPU - Bodg50-9051-900-0017 GMR ESC,102SN55106,Campuslands,Asignado,Salón Sputnik
327,966217823,MON008,Compumax,Equipo de computo,Monitor,500000,Compumax Computo,Monitor - Bodg50-9051-900-0017 GMR ESC,COM2024CM21070115,Campuslands,Asignado,Salón Sputnik
327,966217823,TE0008,Compumax,Equipo de computo,Teclado,60000,Compumax Computo,Teclado - Bodg50-9051-900-0017 GMR ESC,KBM130091732,Campuslands,Asignado,Salón Sputnik
327,966217823,MO0008,Compumax,Equipo de computo,Mouse,54000,Compumax Computo,Mouse - Bodg50-9051-900-0017 GMR ESC,Sin serial,Campuslands,Asignado,Salón Sputnik
327,966217823,CPU009,Compumax,Equipo de computo,CPU,2500000,Compumax Computo,CPU - Bodg50-9051-900-0017 GMR ESC,400SN39204,Campuslands,Asignado,Salón Sputnik
327,966217823,MON009,Compumax,Equipo de computo,Monitor,500000,Compumax Computo,Monitor - Bodg50-9051-900-0017 GMR ESC,COM2024CM21070874,Campuslands,Asignado,Salón Sputnik
327,966217823,TE0009,Compumax,Equipo de computo,Teclado,60000,Compumax Computo,Teclado - Bodg50-9051-900-0017 GMR ESC,KBM130090731,Campuslands,Asignado,Salón Sputnik
327,966217823,MO0009,Compumax,Equipo de computo,Mouse,54000,Compumax Computo,Mouse - Bodg50-9051-900-0017 GMR ESC,Sin serial,Campuslands,Asignado,Salón Sputnik
327,966217823,CPU010,Compumax,Equipo de computo,CPU,2500000,Compumax Computo,CPU - Bodg50-9051-900-0017 GMR ESC,400SN39214,Campuslands,Asignado,Salón Sputnik
327,966217823,MON010,Compumax,Equipo de computo,Monitor,500000,Compumax Computo,Monitor - Bodg50-9051-900-0017 GMR ESC,COM2024CM21070105,Campuslands,Asignado,Salón Sputnik
327,966217823,TE0010,Compumax,Equipo de computo,Teclado,60000,Compumax Computo,Teclado - Bodg50-9051-900-0017 GMR ESC,KBM130090732,Campuslands,Asignado,Salón Sputnik
327,966217823,MO0010,Compumax,Equipo de computo,Mouse,54000,Compumax Computo,Mouse - Bodg50-9051-900-0017 GMR ESC,Sin serial,Campuslands,Asignado,Salón Sputnik
327,966217823,CPU011,Compumax,Equipo de computo,CPU,2500000,Compumax Computo,CPU - Bodg50-9051-900-0017 GMR ESC,400SN39189,Campuslands,Asignado,Salón Sputnik
327,966217823,MON011,Compumax,Equipo de computo,Monitor,500000,Compumax Computo,Monitor - Bodg50-9051-900-0017 GMR ESC,COM2024CM21070010,Campuslands,Asignado,Salón Sputnik
327,966217823,TE0011,Compumax,Equipo de computo,Teclado,60000,Compumax Computo,Teclado - Bodg50-9051-900-0017 GMR ESC,KBM130091733,Campuslands,Asignado,Salón Sputnik
327,966217823,MO0011,Compumax,Equipo de computo,Mouse,54000,Compumax Computo,Mouse - Bodg50-9051-900-0017 GMR ESC,Sin serial,Campuslands,Asignado,Salón Sputnik
327,966217823,CPU012,Compumax,Equipo de computo,CPU,2500000,Compumax Computo,CPU - Bodg50-9051-900-0017 GMR ESC,400SN39223,Campuslands,Asignado,Salón Sputnik
327,966217823,MON012,Compumax,Equipo de computo,Monitor,500000,Compumax Computo,Monitor - Bodg50-9051-900-0017 GMR ESC,COM2024CM21070109,Campuslands,Asignado,Salón Sputnik
327,966217823,TE0012,Compumax,Equipo de computo,Teclado,60000,Compumax Computo,Teclado - Bodg50-9051-900-0017 GMR ESC,KBM130090703,Campuslands,Asignado,Salón Sputnik
327,966217823,MO0012,Compumax,Equipo de computo,Mouse,54000,Compumax Computo,Mouse - Bodg50-9051-900-0017 GMR ESC,Sin serial,Campuslands,Asignado,Salón Sputnik
327,966217823,CPU013,Compumax,Equipo de computo,CPU,2500000,Compumax Computo,CPU - Bodg50-9051-900-0017 GMR ESC,400SN39229,Campuslands,Asignado,Salón Sputnik
327,966217823,MON013,Compumax,Equipo de computo,Monitor,500000,Compumax Computo,Monitor - Bodg50-9051-900-0017 GMR ESC,COM2024CM21070502,Campuslands,Asignado,Salón Sputnik
327,966217823,TE0013,Compumax,Equipo de computo,Teclado,60000,Compumax Computo,Teclado - Bodg50-9051-900-0017 GMR ESC,KBM130090708,Campuslands,Asignado,Salón Sputnik
327,966217823,MO0013,Compumax,Equipo de computo,Mouse,54000,Compumax Computo,Mouse - Bodg50-9051-900-0017 GMR ESC,Sin serial,Campuslands,Asignado,Salón Sputnik
327,966217823,CPU014,Compumax,Equipo de computo,CPU,2500000,Compumax Computo,CPU - Bodg50-9051-900-0017 GMR ESC,400SN39178,Campuslands,Asignado,Salón Sputnik
327,966217823,MON014,Compumax,Equipo de computo,Monitor,500000,Compumax Computo,Monitor - Bodg50-9051-900-0017 GMR ESC,COM2024CM21070136,Campuslands,Asignado,Salón Sputnik
327,966217823,TE0014,Compumax,Equipo de computo,Teclado,60000,Compumax Computo,Teclado - Bodg50-9051-900-0017 GMR ESC,KBM130091708,Campuslands,Asignado,Salón Sputnik
327,966217823,MO0014,Compumax,Equipo de computo,Mouse,54000,Compumax Computo,Mouse - Bodg50-9051-900-0017 GMR ESC,Sin serial,Campuslands,Asignado,Salón Sputnik
327,966217823,CPU015,Compumax,Equipo de computo,CPU,2500000,Compumax Computo,CPU - Bodg50-9051-900-0017 GMR ESC,400SN39196,Campuslands,Asignado,Salón Sputnik
327,966217823,MON015,Compumax,Equipo de computo,Monitor,500000,Compumax Computo,Monitor - Bodg50-9051-900-0017 GMR ESC,COM2024CM21070001,Campuslands,Asignado,Salón Sputnik
327,966217823,TE0015,Compumax,Equipo de computo,Teclado,60000,Compumax Computo,Teclado - Bodg50-9051-900-0017 GMR ESC,KBM130091707,Campuslands,Asignado,Salón Sputnik
327,966217823,MO0015,Compumax,Equipo de computo,Mouse,54000,Compumax Computo,Mouse - Bodg50-9051-900-0017 GMR ESC,Sin serial,Campuslands,Asignado,Salón Sputnik
327,966217823,CPU016,Compumax,Equipo de computo,CPU,2500000,Compumax Computo,CPU - Bodg50-9051-900-0017 GMR ESC,102SN55081,Campuslands,Asignado,Salón Sputnik
327,966217823,MON016,Compumax,Equipo de computo,Monitor,500000,Compumax Computo,Monitor - Bodg50-9051-900-0017 GMR ESC,COM2024CM21070846,Campuslands,Asignado,Salón Sputnik
327,966217823,TE0016,Compumax,Equipo de computo,Teclado,60000,Compumax Computo,Teclado - Bodg50-9051-900-0017 GMR ESC,KBM130090709,Campuslands,Asignado,Salón Sputnik
327,966217823,MO0016,Compumax,Equipo de computo,Mouse,54000,Compumax Computo,Mouse - Bodg50-9051-900-0017 GMR ESC,Sin serial,Campuslands,Asignado,Salón Sputnik
327,966217823,CPU017,Compumax,Equipo de computo,CPU,2500000,Compumax Computo,CPU - Bodg50-9051-900-0017 GMR ESC,400SN39183,Campuslands,Asignado,Salón Sputnik
327,966217823,MON017,Compumax,Equipo de computo,Monitor,500000,Compumax Computo,Monitor - Bodg50-9051-900-0017 GMR ESC,COM2024CM21070211,Campuslands,Asignado,Salón Sputnik
327,966217823,TE0017,Compumax,Equipo de computo,Teclado,60000,Compumax Computo,Teclado - Bodg50-9051-900-0017 GMR ESC,KBM130091709,Campuslands,Asignado,Salón Sputnik
327,966217823,MO0017,Compumax,Equipo de computo,Mouse,54000,Compumax Computo,Mouse - Bodg50-9051-900-0017 GMR ESC,Sin serial,Campuslands,Asignado,Salón Sputnik
327,966217823,CPU018,Compumax,Equipo de computo,CPU,2500000,Compumax Computo,CPU - Bodg50-9051-900-0017 GMR ESC,102SN55098,Campuslands,Asignado,Salón Sputnik
327,966217823,MON018,Compumax,Equipo de computo,Monitor,500000,Compumax Computo,Monitor - Bodg50-9051-900-0017 GMR ESC,COM2024CM21070733,Campuslands,Asignado,Salón Sputnik
327,966217823,TE0018,Compumax,Equipo de computo,Teclado,60000,Compumax Computo,Teclado - Bodg50-9051-900-0017 GMR ESC,KBM130090710,Campuslands,Asignado,Salón Sputnik
327,966217823,MO0018,Compumax,Equipo de computo,Mouse,54000,Compumax Computo,Mouse - Bodg50-9051-900-0017 GMR ESC,Sin serial,Campuslands,Asignado,Salón Sputnik
327,966217823,CPU019,Compumax,Equipo de computo,CPU,2500000,Compumax Computo,CPU - Bodg50-9051-900-0017 GMR ESC,102SN55108,Campuslands,Asignado,Salón Sputnik
327,966217823,MON019,Compumax,Equipo de computo,Monitor,500000,Compumax Computo,Monitor - Bodg50-9051-900-0017 GMR ESC,COM2024CM21070287,Campuslands,Asignado,Salón Sputnik
327,966217823,TE0019,Compumax,Equipo de computo,Teclado,60000,Compumax Computo,Teclado - Bodg50-9051-900-0017 GMR ESC,KBM130091748,Campuslands,Asignado,Salón Sputnik
327,966217823,MO0019,Compumax,Equipo de computo,Mouse,54000,Compumax Computo,Mouse - Bodg50-9051-900-0017 GMR ESC,Sin serial,Campuslands,Asignado,Salón Sputnik
327,966217823,CPU020,Compumax,Equipo de computo,CPU,2500000,Compumax Computo,CPU - Bodg50-9051-900-0017 GMR ESC,400SN39224,Campuslands,Asignado,Salón Sputnik
327,966217823,MON020,Compumax,Equipo de computo,Monitor,500000,Compumax Computo,Monitor - Bodg50-9051-900-0017 GMR ESC,COM2024CM21070629,Campuslands,Asignado,Salón Sputnik
327,966217823,TE0020,Compumax,Equipo de computo,Teclado,60000,Compumax Computo,Teclado - Bodg50-9051-900-0017 GMR ESC,KBM130090748,Campuslands,Asignado,Salón Sputnik
327,966217823,MO0020,Compumax,Equipo de computo,Mouse,54000,Compumax Computo,Mouse - Bodg50-9051-900-0017 GMR ESC,,Campuslands,Asignado,Salón Sputnik
327,966217823,CPU021,Compumax,Equipo de computo,CPU,2500000,Compumax Computo,CPU - Bodg50-9051-900-0017 GMR ESC,400SN39179,Campuslands,Asignado,Salón Sputnik
327,966217823,MON021,Compumax,Equipo de computo,Monitor,500000,Compumax Computo,Monitor - Bodg50-9051-900-0017 GMR ESC,COM2024CM21070188,Campuslands,Asignado,Salón Sputnik
327,966217823,TE0021,Compumax,Equipo de computo,Teclado,60000,Compumax Computo,Teclado - Bodg50-9051-900-0017 GMR ESC,KBM130090749,Campuslands,Asignado,Salón Sputnik
327,966217823,MO0021,Compumax,Equipo de computo,Mouse,54000,Compumax Computo,Mouse - Bodg50-9051-900-0017 GMR ESC,Sin serial,Campuslands,Asignado,Salón Sputnik
327,966217823,CPU022,Compumax,Equipo de computo,CPU,2500000,Compumax Computo,CPU - Bodg50-9051-900-0017 GMR ESC,102SN55092,Campuslands,Asignado,Salón Sputnik
327,966217823,MON022,Compumax,Equipo de computo,Monitor,500000,Compumax Computo,Monitor - Bodg50-9051-900-0017 GMR ESC,COM2024CM21070050,Campuslands,Asignado,Salón Sputnik
327,966217823,TE0022,Compumax,Equipo de computo,Teclado,60000,Compumax Computo,Teclado - Bodg50-9051-900-0017 GMR ESC,KBM130090705,Campuslands,Asignado,Salón Sputnik
327,966217823,MO0022,Compumax,Equipo de computo,Mouse,54000,Compumax Computo,Mouse - Bodg50-9051-900-0017 GMR ESC,Sin serial,Campuslands,Asignado,Salón Sputnik
327,966217823,CPU023,Compumax,Equipo de computo,CPU,2500000,Compumax Computo,CPU - Bodg50-9051-900-0017 GMR ESC,400SN39187,Campuslands,Asignado,Salón Sputnik
327,966217823,MON023,Compumax,Equipo de computo,Monitor,500000,Compumax Computo,Monitor - Bodg50-9051-900-0017 GMR ESC,COM2024CM21070663,Campuslands,Asignado,Salón Sputnik
327,966217823,TE0023,Compumax,Equipo de computo,Teclado,60000,Compumax Computo,Teclado - Bodg50-9051-900-0017 GMR ESC,KBM130090733,Campuslands,Asignado,Salón Sputnik
327,966217823,MO0023,Compumax,Equipo de computo,Mouse,54000,Compumax Computo,Mouse - Bodg50-9051-900-0017 GMR ESC,Sin serial,Campuslands,Asignado,Salón Sputnik
327,966217823,CPU024,Compumax,Equipo de computo,CPU,2500000,Compumax Computo,CPU - Bodg50-9051-900-0017 GMR ESC,400SN39200,Campuslands,Asignado,Salón Sputnik
327,966217823,MON024,Compumax,Equipo de computo,Monitor,500000,Compumax Computo,Monitor - Bodg50-9051-900-0017 GMR ESC,COM2024CM21070705,Campuslands,Asignado,Salón Sputnik
327,966217823,TE0024,Compumax,Equipo de computo,Teclado,60000,Compumax Computo,Teclado - Bodg50-9051-900-0017 GMR ESC,KBM130091705,Campuslands,Asignado,Salón Sputnik
327,966217823,MO0024,Compumax,Equipo de computo,Mouse,54000,Compumax Computo,Mouse - Bodg50-9051-900-0017 GMR ESC,Sin serial,Campuslands,Asignado,Salón Sputnik
327,966217823,CPU025,Compumax,Equipo de computo,CPU,2500000,Compumax Computo,CPU - Bodg50-9051-900-0017 GMR ESC,102SN55091,Campuslands,Asignado,Salón Sputnik
327,966217823,MON025,Compumax,Equipo de computo,Monitor,500000,Compumax Computo,Monitor - Bodg50-9051-900-0017 GMR ESC,COM2024CM21070754,Campuslands,Asignado,Salón Sputnik
327,966217823,TE0025,Compumax,Equipo de computo,Teclado,60000,Compumax Computo,Teclado - Bodg50-9051-900-0017 GMR ESC,KBM130091701,Campuslands,Asignado,Salón Sputnik
327,966217823,MO0025,Compumax,Equipo de computo,Mouse,54000,Compumax Computo,Mouse - Bodg50-9051-900-0017 GMR ESC,Sin serial,Campuslands,Asignado,Salón Sputnik
327,966217823,CPU026,Compumax,Equipo de computo,CPU,2500000,Compumax Computo,CPU - Bodg50-9051-900-0017 GMR ESC,400SN39237,Campuslands,Asignado,Salón Sputnik
327,966217823,MON026,Compumax,Equipo de computo,Monitor,500000,Compumax Computo,Monitor - Bodg50-9051-900-0017 GMR ESC,COM2024CM21070394,Campuslands,Asignado,Salón Sputnik
327,966217823,TE0026,Compumax,Equipo de computo,Teclado,60000,Compumax Computo,Teclado - Bodg50-9051-900-0017 GMR ESC,KBM130091751,Campuslands,Asignado,Salón Sputnik
327,966217823,MO0026,Compumax,Equipo de computo,Mouse,54000,Compumax Computo,Mouse - Bodg50-9051-900-0017 GMR ESC,Sin serial,Campuslands,Asignado,Salón Sputnik
327,966217823,CPU027,Compumax,Equipo de computo,CPU,2500000,Compumax Computo,CPU - Bodg50-9051-900-0017 GMR ESC,102SN55099,Campuslands,Asignado,Salón Sputnik
327,966217823,MON027,Compumax,Equipo de computo,Monitor,500000,Compumax Computo,Monitor - Bodg50-9051-900-0017 GMR ESC,COM2024CM21070683,Campuslands,Asignado,Salón Sputnik
327,966217823,TE0027,Compumax,Equipo de computo,Teclado,60000,Compumax Computo,Teclado - Bodg50-9051-900-0017 GMR ESC,KBM130090751,Campuslands,Asignado,Salón Sputnik
327,966217823,MO0027,Compumax,Equipo de computo,Mouse,54000,Compumax Computo,Mouse - Bodg50-9051-900-0017 GMR ESC,Sin serial,Campuslands,Asignado,Salón Sputnik
327,966217823,CPU028,Compumax,Equipo de computo,CPU,2500000,Compumax Computo,CPU - Bodg50-9051-900-0017 GMR ESC,400SN39184,Campuslands,Asignado,Salón Sputnik
327,966217823,MON028,Compumax,Equipo de computo,Monitor,500000,Compumax Computo,Monitor - Bodg50-9051-900-0017 GMR ESC,COM2024CM21070520,Campuslands,Asignado,Salón Sputnik
327,966217823,TE0028,Compumax,Equipo de computo,Teclado,60000,Compumax Computo,Teclado - Bodg50-9051-900-0017 GMR ESC,KBM130091717,Campuslands,Asignado,Salón Sputnik
327,966217823,MO0028,Compumax,Equipo de computo,Mouse,54000,Compumax Computo,Mouse - Bodg50-9051-900-0017 GMR ESC,Sin serial,Campuslands,Asignado,Salón Sputnik
327,966217823,CPU029,Compumax,Equipo de computo,CPU,2500000,Compumax Computo,CPU - Bodg50-9051-900-0017 GMR ESC,400SN39180,Campuslands,Asignado,Salón Sputnik
327,966217823,MON029,Compumax,Equipo de computo,Monitor,500000,Compumax Computo,Monitor - Bodg50-9051-900-0017 GMR ESC,COM2024CM21070374,Campuslands,Asignado,Salón Sputnik
327,966217823,TE0029,Compumax,Equipo de computo,Teclado,60000,Compumax Computo,Teclado - Bodg50-9051-900-0017 GMR ESC,KBM130090704,Campuslands,Asignado,Salón Sputnik
327,966217823,MO0029,Compumax,Equipo de computo,Mouse,54000,Compumax Computo,Mouse - Bodg50-9051-900-0017 GMR ESC,Sin serial,Campuslands,Asignado,Salón Sputnik
327,966217823,CPU030,Compumax,Equipo de computo,CPU,2500000,Compumax Computo,CPU - Bodg50-9051-900-0017 GMR ESC,400SN39199,Campuslands,Asignado,Salón Sputnik
327,966217823,MON030,Compumax,Equipo de computo,Monitor,500000,Compumax Computo,Monitor - Bodg50-9051-900-0017 GMR ESC,COM2024CM21070711,Campuslands,Asignado,Salón Sputnik
327,966217823,TE0030,Compumax,Equipo de computo,Teclado,60000,Compumax Computo,Teclado - Bodg50-9051-900-0017 GMR ESC,KBM130091715,Campuslands,Asignado,Salón Sputnik
327,966217823,MO0030,Compumax,Equipo de computo,Mouse,54000,Compumax Computo,Mouse - Bodg50-9051-900-0017 GMR ESC,Sin serial,Campuslands,Asignado,Salón Sputnik
327,966217823,CPU031,Compumax,Equipo de computo,CPU,2500000,Compumax Computo,CPU - Bodg50-9051-900-0017 GMR ESC,102SN55105,Campuslands,Asignado,Salón Sputnik
327,966217823,MON031,Compumax,Equipo de computo,Monitor,500000,Compumax Computo,Monitor - Bodg50-9051-900-0017 GMR ESC,COM2024CM21070043,Campuslands,Asignado,Salón Sputnik
327,966217823,TE0031,Compumax,Equipo de computo,Teclado,60000,Compumax Computo,Teclado - Bodg50-9051-900-0017 GMR ESC,UD18J2C00169,Campuslands,Asignado,Salón Sputnik
327,966217823,MO0031,Compumax,Equipo de computo,Mouse,54000,Compumax Computo,Mouse - Bodg50-9051-900-0017 GMR ESC,Sin serial,Campuslands,Asignado,Salón Sputnik
327,966217823,CPU032,Compumax,Equipo de computo,CPU,2500000,Compumax Computo,CPU - Bodg50-9051-900-0017 GMR ESC,102SN55097,Campuslands,Asignado,Salón Sputnik
327,966217823,MON032,Compumax,Equipo de computo,Monitor,500000,Compumax Computo,Monitor - Bodg50-9051-900-0017 GMR ESC,COM2024CM21070151,Campuslands,Asignado,Salón Sputnik
327,966217823,TE0032,Compumax,Equipo de computo,Teclado,60000,Compumax Computo,Teclado - Bodg50-9051-900-0017 GMR ESC,KBM130090716,Campuslands,Asignado,Salón Sputnik
327,966217823,MO0032,Compumax,Equipo de computo,Mouse,54000,Compumax Computo,Mouse - Bodg50-9051-900-0017 GMR ESC,Sin serial,Campuslands,Asignado,Salón Sputnik
327,966217823,CPU033,Compumax,Equipo de computo,CPU,2500000,Compumax Computo,CPU - Bodg50-9051-900-0017 GMR ESC,102SN55104,Campuslands,Asignado,Salón Sputnik
327,966217823,MON033,Compumax,Equipo de computo,Monitor,500000,Compumax Computo,Monitor - Bodg50-9051-900-0017 GMR ESC,COM2024CM21070127,Campuslands,Asignado,Salón Sputnik
327,966217823,TE0033,Compumax,Equipo de computo,Teclado,60000,Compumax Computo,Teclado - Bodg50-9051-900-0017 GMR ESC,KBM130090715,Campuslands,Asignado,Salón Sputnik
327,966217823,MO0033,Compumax,Equipo de computo,Mouse,54000,Compumax Computo,Mouse - Bodg50-9051-900-0017 GMR ESC,Sin serial,Campuslands,Asignado,Salón Sputnik
327,966217823,CPU034,Compumax,Equipo de computo,CPU,2500000,Compumax Computo,CPU - Bodg50-9051-900-0017 GMR ESC,102SN55084,Campuslands,Asignado,Salón Sputnik
327,966217823,MON034,Compumax,Equipo de computo,Monitor,500000,Compumax Computo,Monitor - Bodg50-9051-900-0017 GMR ESC,COM2024CM21070029,Campuslands,Asignado,Salón Sputnik
327,966217823,TE0034,Compumax,Equipo de computo,Teclado,60000,Compumax Computo,Teclado - Bodg50-9051-900-0017 GMR ESC,KBM130091714,Campuslands,Asignado,Salón Sputnik
327,966217823,MO0034,Compumax,Equipo de computo,Mouse,54000,Compumax Computo,Mouse - Bodg50-9051-900-0017 GMR ESC,Sin serial,Campuslands,Asignado,Salón Sputnik
327,966217823,CPU035,Compumax,Equipo de computo,CPU,2500000,Compumax Computo,CPU - Bodg50-9051-900-0017 GMR ESC,400SN39194,Campuslands,Asignado,Salón Sputnik
327,966217823,MON035,Compumax,Equipo de computo,Monitor,500000,Compumax Computo,Monitor - Bodg50-9051-900-0017 GMR ESC,COM2024CM21070135,Campuslands,Asignado,Salón Sputnik
327,966217823,TE0035,Compumax,Equipo de computo,Teclado,60000,Compumax Computo,Teclado - Bodg50-9051-900-0017 GMR ESC,KBM130090714,Campuslands,Asignado,Salón Sputnik
327,966217823,MO0035,Compumax,Equipo de computo,Mouse,54000,Compumax Computo,Mouse - Bodg50-9051-900-0017 GMR ESC,Sin serial,Campuslands,Asignado,Salón Sputnik
327,966217823,CPU036,Compumax,Equipo de computo,CPU,2200000,Compumax Computo,CPU-Bodg50-9048-900-0044 GMRESC R3,Sin serial,Campuslands,Asignado,Salón Sputnik
327,966217823,CPU037,Compumax,Equipo de computo,CPU,2200000,Compumax Computo,CPU-Bodg50-9048-900-0044 GMRESC R3,400SN39175,Campuslands,Asignado,Salón Apolo
327,966217823,MON036,Compumax,Equipo de computo,Monitor,550000,Compumax Computo,Monitor-Bodg50-9048-900-0044 GMRESC R3,COM2024CM21070257,Campuslands,Asignado,Salón Apolo
327,966217823,TE0036,Compumax,Equipo de computo,Teclado,65000,Compumax Computo,Teclado-Bodg50-9048-900-0044 GMRESC R3,KBM130091739,Campuslands,Asignado,Salón Apolo
327,966217823,MO0036,Compumax,Equipo de computo,Mouse,65000,Compumax Computo,Mouse-Bodg50-9048-900-0044 GMRESC R3,Sin serial,Campuslands,Asignado,Salón Apolo
327,966217823,CPU038,Compumax,Equipo de computo,CPU,2200000,Compumax Computo,CPU-Bodg50-9048-900-0044 GMRESC R3,400SN39206,Campuslands,Asignado,Salón Apolo
327,966217823,MON037,Compumax,Equipo de computo,Monitor,550000,Compumax Computo,Monitor-Bodg50-9048-900-0044 GMRESC R3,COM2024CM21070609,Campuslands,Asignado,Salón Apolo
327,966217823,TE0037,Compumax,Equipo de computo,Teclado,65000,Compumax Computo,Teclado-Bodg50-9048-900-0044 GMRESC R3,KBM130091743,Campuslands,Asignado,Salón Apolo
327,966217823,MO0037,Compumax,Equipo de computo,Mouse,65000,Compumax Computo,Mouse-Bodg50-9048-900-0044 GMRESC R3,Sin serial,Campuslands,Asignado,Salón Apolo
327,966217823,CPU039,Compumax,Equipo de computo,CPU,2200000,Compumax Computo,CPU-Bodg50-9048-900-0044 GMRESC R3,400SN39212,Campuslands,Asignado,Salón Apolo
327,966217823,MON038,Compumax,Equipo de computo,Monitor,550000,Compumax Computo,Monitor-Bodg50-9048-900-0044 GMRESC R3,COM2024CM21070778,Campuslands,Asignado,Salón Apolo
327,966217823,TE0038,Compumax,Equipo de computo,Teclado,65000,Compumax Computo,Teclado-Bodg50-9048-900-0044 GMRESC R3,KBM130090742,Campuslands,Asignado,Salón Apolo
327,966217823,MO0038,Compumax,Equipo de computo,Mouse,65000,Compumax Computo,Mouse-Bodg50-9048-900-0044 GMRESC R3,Sin serial,Campuslands,Asignado,Salón Apolo
327,966217823,CPU040,Compumax,Equipo de computo,CPU,2200000,Compumax Computo,CPU-Bodg50-9048-900-0044 GMRESC R3,400SN39217,Campuslands,Asignado,Salón Apolo
327,966217823,MON039,Compumax,Equipo de computo,Monitor,550000,Compumax Computo,Monitor-Bodg50-9048-900-0044 GMRESC R3,COM2024CM21070069,Campuslands,Asignado,Salón Apolo
327,966217823,TE0039,Compumax,Equipo de computo,Teclado,65000,Compumax Computo,Teclado-Bodg50-9048-900-0044 GMRESC R3,KBM130091742,Campuslands,Asignado,Salón Apolo
327,966217823,MO0039,Compumax,Equipo de computo,Mouse,65000,Compumax Computo,Mouse-Bodg50-9048-900-0044 GMRESC R3,Sin serial,Campuslands,Asignado,Salón Apolo
327,966217823,CPU041,Compumax,Equipo de computo,CPU,2200000,Compumax Computo,CPU-Bodg50-9048-900-0044 GMRESC R3,400SN39203,Campuslands,Asignado,Salón Apolo
327,966217823,MON040,Compumax,Equipo de computo,Monitor,550000,Compumax Computo,Monitor-Bodg50-9048-900-0044 GMRESC R3,COM2024CM21070349,Campuslands,Asignado,Salón Apolo
327,966217823,TE0040,Compumax,Equipo de computo,Teclado,65000,Compumax Computo,Teclado-Bodg50-9048-900-0044 GMRESC R3,KBM130090743,Campuslands,Asignado,Salón Apolo
327,966217823,MO0040,Compumax,Equipo de computo,Mouse,65000,Compumax Computo,Mouse-Bodg50-9048-900-0044 GMRESC R3,Sin serial,Campuslands,Asignado,Salón Apolo
327,966217823,CPU042,Compumax,Equipo de computo,CPU,2200000,Compumax Computo,CPU-Bodg50-9048-900-0044 GMRESC R3,400SN39201,Campuslands,Asignado,Salón Apolo
327,966217823,MON041,Compumax,Equipo de computo,Monitor,550000,Compumax Computo,Monitor-Bodg50-9048-900-0044 GMRESC R3,COM2024CM21070004,Campuslands,Asignado,Salón Apolo
327,966217823,TE0041,Compumax,Equipo de computo,Teclado,65000,Compumax Computo,Teclado-Bodg50-9048-900-0044 GMRESC R3,KBM130091710,Campuslands,Asignado,Salón Apolo
327,966217823,MO0041,Compumax,Equipo de computo,Mouse,65000,Compumax Computo,Mouse-Bodg50-9048-900-0044 GMRESC R3,Sin serial,Campuslands,Asignado,Salón Apolo
327,966217823,CPU043,Compumax,Equipo de computo,CPU,2200000,Compumax Computo,CPU-Bodg50-9048-900-0044 GMRESC R3,400SN39207,Campuslands,Asignado,Salón Apolo
327,966217823,MON042,Compumax,Equipo de computo,Monitor,550000,Compumax Computo,Monitor-Bodg50-9048-900-0044 GMRESC R3,COM2024CM21070727,Campuslands,Asignado,Salón Apolo
327,966217823,TE0042,Compumax,Equipo de computo,Teclado,65000,Compumax Computo,Teclado-Bodg50-9048-900-0044 GMRESC R3,KBM130090728,Campuslands,Asignado,Salón Apolo
327,966217823,MO0042,Compumax,Equipo de computo,Mouse,65000,Compumax Computo,Mouse-Bodg50-9048-900-0044 GMRESC R3,Sin serial,Campuslands,Asignado,Salón Apolo
327,966217823,CPU044,Compumax,Equipo de computo,CPU,2200000,Compumax Computo,CPU-Bodg50-9048-900-0044 GMRESC R3,400SN39170,Campuslands,Asignado,Salón Apolo
327,966217823,MON043,Compumax,Equipo de computo,Monitor,550000,Compumax Computo,Monitor-Bodg50-9048-900-0044 GMRESC R3,COM2024CM21070063,Campuslands,Asignado,Salón Apolo
327,966217823,TE0043,Compumax,Equipo de computo,Teclado,65000,Compumax Computo,Teclado-Bodg50-9048-900-0044 GMRESC R3,KBM130090729,Campuslands,Asignado,Salón Apolo
327,966217823,MO0043,Compumax,Equipo de computo,Mouse,65000,Compumax Computo,Mouse-Bodg50-9048-900-0044 GMRESC R3,Sin serial,Campuslands,Asignado,Salón Apolo
327,966217823,CPU045,Compumax,Equipo de computo,CPU,2200000,Compumax Computo,CPU-Bodg50-9048-900-0044 GMRESC R3,400SN39193,Campuslands,Asignado,Salón Apolo
327,966217823,MON044,Compumax,Equipo de computo,Monitor,550000,Compumax Computo,Monitor-Bodg50-9048-900-0044 GMRESC R3,COM2024CM21070203,Campuslands,Asignado,Salón Apolo
327,966217823,TE0044,Compumax,Equipo de computo,Teclado,65000,Compumax Computo,Teclado-Bodg50-9048-900-0044 GMRESC R3,KBM130091734,Campuslands,Asignado,Salón Apolo
327,966217823,MO0044,Compumax,Equipo de computo,Mouse,65000,Compumax Computo,Mouse-Bodg50-9048-900-0044 GMRESC R3,Sin serial,Campuslands,Asignado,Salón Apolo
327,966217823,CPU046,Compumax,Equipo de computo,CPU,2200000,Compumax Computo,CPU-Bodg50-9048-900-0044 GMRESC R3,400SN39213,Campuslands,Asignado,Salón Apolo
327,966217823,MON045,Compumax,Equipo de computo,Monitor,550000,Compumax Computo,Monitor-Bodg50-9048-900-0044 GMRESC R3,COM2024CM21070517,Campuslands,Asignado,Salón Apolo
327,966217823,TE0045,Compumax,Equipo de computo,Teclado,65000,Compumax Computo,Teclado-Bodg50-9048-900-0044 GMRESC R3,KBM130090735,Campuslands,Asignado,Salón Apolo
327,966217823,MO0045,Compumax,Equipo de computo,Mouse,65000,Compumax Computo,Mouse-Bodg50-9048-900-0044 GMRESC R3,Sin serial,Campuslands,Asignado,Salón Apolo
327,966217823,CPU047,Compumax,Equipo de computo,CPU,2200000,Compumax Computo,CPU-Bodg50-9048-900-0044 GMRESC R3,400SN39197,Campuslands,Asignado,Salón Apolo
327,966217823,MON046,Compumax,Equipo de computo,Monitor,550000,Compumax Computo,Monitor-Bodg50-9048-900-0044 GMRESC R3,COM2024CM21070007,Campuslands,Asignado,Salón Apolo
327,966217823,TE0046,Compumax,Equipo de computo,Teclado,65000,Compumax Computo,Teclado-Bodg50-9048-900-0044 GMRESC R3,KBM130090734,Campuslands,Asignado,Salón Apolo
327,966217823,MO0046,Compumax,Equipo de computo,Mouse,65000,Compumax Computo,Mouse-Bodg50-9048-900-0044 GMRESC R3,Sin serial,Campuslands,Asignado,Salón Apolo
327,966217823,CPU048,Compumax,Equipo de computo,CPU,2200000,Compumax Computo,CPU-Bodg50-9048-900-0044 GMRESC R3,102SN55078,Campuslands,Asignado,Salón Apolo
327,966217823,MON047,Compumax,Equipo de computo,Monitor,550000,Compumax Computo,Monitor-Bodg50-9048-900-0044 GMRESC R3,COM2024CM21070008,Campuslands,Asignado,Salón Apolo
327,966217823,TE0047,Compumax,Equipo de computo,Teclado,65000,Compumax Computo,Teclado-Bodg50-9048-900-0044 GMRESC R3,KBM130090750,Campuslands,Asignado,Salón Apolo
327,966217823,MO0047,Compumax,Equipo de computo,Mouse,65000,Compumax Computo,Mouse-Bodg50-9048-900-0044 GMRESC R3,Sin serial,Campuslands,Asignado,Salón Apolo
327,966217823,CPU049,Compumax,Equipo de computo,CPU,2200000,Compumax Computo,CPU-Bodg50-9048-900-0044 GMRESC R3,102SN55085,Campuslands,Asignado,Salón Apolo
327,966217823,MON048,Compumax,Equipo de computo,Monitor,550000,Compumax Computo,Monitor-Bodg50-9048-900-0044 GMRESC R3,COM2024CM21070117,Campuslands,Asignado,Salón Apolo
327,966217823,TE0048,Compumax,Equipo de computo,Teclado,65000,Compumax Computo,Teclado-Bodg50-9048-900-0044 GMRESC R3,KBM130091713,Campuslands,Asignado,Salón Apolo
327,966217823,MO0048,Compumax,Equipo de computo,Mouse,65000,Compumax Computo,Mouse-Bodg50-9048-900-0044 GMRESC R3,Sin serial,Campuslands,Asignado,Salón Apolo
327,966217823,CPU050,Compumax,Equipo de computo,CPU,2200000,Compumax Computo,CPU-Bodg50-9048-900-0044 GMRESC R3,400SN39233,Campuslands,Asignado,Salón Apolo
327,966217823,MON049,Compumax,Equipo de computo,Monitor,550000,Compumax Computo,Monitor-Bodg50-9048-900-0044 GMRESC R3,COM2024CM21070277,Campuslands,Asignado,Salón Apolo
327,966217823,TE0049,Compumax,Equipo de computo,Teclado,65000,Compumax Computo,Teclado-Bodg50-9048-900-0044 GMRESC R3,KBM130090713,Campuslands,Asignado,Salón Apolo
327,966217823,MO0049,Compumax,Equipo de computo,Mouse,65000,Compumax Computo,Mouse-Bodg50-9048-900-0044 GMRESC R3,Sin serial,Campuslands,Asignado,Salón Apolo
327,966217823,CPU051,Compumax,Equipo de computo,CPU,2200000,Compumax Computo,CPU-Bodg50-9048-900-0044 GMRESC R3,102SN55082,Campuslands,Asignado,Salón Apolo
327,966217823,MON050,Compumax,Equipo de computo,Monitor,550000,Compumax Computo,Monitor-Bodg50-9048-900-0044 GMRESC R3,COM2024CM21070406,Campuslands,Asignado,Salón Apolo
327,966217823,TE0050,Compumax,Equipo de computo,Teclado,65000,Compumax Computo,Teclado-Bodg50-9048-900-0044 GMRESC R3,KBM130091712,Campuslands,Asignado,Salón Apolo
327,966217823,MO0050,Compumax,Equipo de computo,Mouse,65000,Compumax Computo,Mouse-Bodg50-9048-900-0044 GMRESC R3,Sin serial,Campuslands,Asignado,Salón Apolo
327,966217823,CPU052,Compumax,Equipo de computo,CPU,2200000,Compumax Computo,CPU-Bodg50-9048-900-0044 GMRESC R3,102SN55101,Campuslands,Asignado,Salón Apolo
327,966217823,MON051,Compumax,Equipo de computo,Monitor,550000,Compumax Computo,Monitor-Bodg50-9048-900-0044 GMRESC R3,COM2024CM21070557,Campuslands,Asignado,Salón Apolo
327,966217823,TE0051,Compumax,Equipo de computo,Teclado,65000,Compumax Computo,Teclado-Bodg50-9048-900-0044 GMRESC R3,KBM130091711,Campuslands,Asignado,Salón Apolo
327,966217823,MO0051,Compumax,Equipo de computo,Mouse,65000,Compumax Computo,Mouse-Bodg50-9048-900-0044 GMRESC R3,Sin serial,Campuslands,Asignado,Salón Apolo
327,966217823,CPU053,Compumax,Equipo de computo,CPU,2200000,Compumax Computo,CPU-Bodg50-9048-900-0044 GMRESC R3,400SN39192,Campuslands,Asignado,Salón Apolo
327,966217823,MON052,Compumax,Equipo de computo,Monitor,550000,Compumax Computo,Monitor-Bodg50-9048-900-0044 GMRESC R3,COM2024CM21070853,Campuslands,Asignado,Salón Apolo
327,966217823,TE0052,Compumax,Equipo de computo,Teclado,65000,Compumax Computo,Teclado-Bodg50-9048-900-0044 GMRESC R3,KBM130090712,Campuslands,Asignado,Salón Apolo
327,966217823,MO0052,Compumax,Equipo de computo,Mouse,65000,Compumax Computo,Mouse-Bodg50-9048-900-0044 GMRESC R3,Sin serial,Campuslands,Asignado,Salón Apolo
327,966217823,CPU054,Compumax,Equipo de computo,CPU,2200000,Compumax Computo,CPU-Bodg50-9048-900-0044 GMRESC R3,400SN39181,Campuslands,Asignado,Salón Apolo
327,966217823,MON053,Compumax,Equipo de computo,Monitor,550000,Compumax Computo,Monitor-Bodg50-9048-900-0044 GMRESC R3,COM2024CM21070893,Campuslands,Asignado,Salón Apolo
327,966217823,TE0053,Compumax,Equipo de computo,Teclado,65000,Compumax Computo,Teclado-Bodg50-9048-900-0044 GMRESC R3,KBM130090711,Campuslands,Asignado,Salón Apolo
327,966217823,MO0053,Compumax,Equipo de computo,Mouse,65000,Compumax Computo,Mouse-Bodg50-9048-900-0044 GMRESC R3,Sin serial,Campuslands,Asignado,Salón Apolo
327,966217823,CPU055,Compumax,Equipo de computo,CPU,2200000,Compumax Computo,CPU-Bodg50-9048-900-0044 GMRESC R3,400SN39195,Campuslands,Asignado,Salón Apolo
327,966217823,MON054,Compumax,Equipo de computo,Monitor,550000,Compumax Computo,Monitor-Bodg50-9048-900-0044 GMRESC R3,COM2024CM21070898,Campuslands,Asignado,Salón Apolo
327,966217823,TE0054,Compumax,Equipo de computo,Teclado,65000,Compumax Computo,Teclado-Bodg50-9048-900-0044 GMRESC R3,KBM130091741,Campuslands,Asignado,Salón Apolo
327,966217823,MO0054,Compumax,Equipo de computo,Mouse,65000,Compumax Computo,Mouse-Bodg50-9048-900-0044 GMRESC R3,Sin serial,Campuslands,Asignado,Salón Apolo
327,966217823,CPU056,Compumax,Equipo de computo,CPU,2200000,Compumax Computo,CPU-Bodg50-9048-900-0044 GMRESC R3,400SN39232,Campuslands,Asignado,Salón Apolo
327,966217823,MON055,Compumax,Equipo de computo,Monitor,550000,Compumax Computo,Monitor-Bodg50-9048-900-0044 GMRESC R3,COM2024CM21070400,Campuslands,Asignado,Salón Apolo
327,966217823,TE0055,Compumax,Equipo de computo,Teclado,65000,Compumax Computo,Teclado-Bodg50-9048-900-0044 GMRESC R3,KBM130091740,Campuslands,Asignado,Salón Apolo
327,966217823,MO0055,Compumax,Equipo de computo,Mouse,65000,Compumax Computo,Mouse-Bodg50-9048-900-0044 GMRESC R3,Sin serial,Campuslands,Asignado,Salón Apolo
327,966217823,CPU057,Compumax,Equipo de computo,CPU,2200000,Compumax Computo,CPU-Bodg50-9048-900-0044 GMRESC R3,400SN39231,Campuslands,Asignado,Salón Apolo
327,966217823,MON056,Compumax,Equipo de computo,Monitor,550000,Compumax Computo,Monitor-Bodg50-9048-900-0044 GMRESC R3,COM2024CM21070761,Campuslands,Asignado,Salón Apolo
327,966217823,TE0056,Compumax,Equipo de computo,Teclado,65000,Compumax Computo,Teclado-Bodg50-9048-900-0044 GMRESC R3,KBM130090739,Campuslands,Asignado,Salón Apolo
327,966217823,MO0056,Compumax,Equipo de computo,Mouse,65000,Compumax Computo,Mouse-Bodg50-9048-900-0044 GMRESC R3,Sin serial,Campuslands,Asignado,Salón Apolo
327,966217823,CPU058,Compumax,Equipo de computo,CPU,2200000,Compumax Computo,CPU-Bodg50-9048-900-0044 GMRESC R3,400SN39171,Campuslands,Asignado,Salón Apolo
327,966217823,MON057,Compumax,Equipo de computo,Monitor,550000,Compumax Computo,Monitor-Bodg50-9048-900-0044 GMRESC R3,COM2024CM21070534,Campuslands,Asignado,Salón Apolo
327,966217823,TE0057,Compumax,Equipo de computo,Teclado,65000,Compumax Computo,Teclado-Bodg50-9048-900-0044 GMRESC R3,KBM130090741,Campuslands,Asignado,Salón Apolo
327,966217823,MO0057,Compumax,Equipo de computo,Mouse,65000,Compumax Computo,Mouse-Bodg50-9048-900-0044 GMRESC R3,Sin serial,Campuslands,Asignado,Salón Apolo
327,966217823,CPU059,Compumax,Equipo de computo,CPU,2200000,Compumax Computo,CPU-Bodg50-9048-900-0044 GMRESC R3,400SN39220,Campuslands,Asignado,Salón Apolo
327,966217823,MON058,Compumax,Equipo de computo,Monitor,550000,Compumax Computo,Monitor-Bodg50-9048-900-0044 GMRESC R3,COM2024CM21070017,Campuslands,Asignado,Salón Apolo
327,966217823,TE0058,Compumax,Equipo de computo,Teclado,65000,Compumax Computo,Teclado-Bodg50-9048-900-0044 GMRESC R3,KBM130091750,Campuslands,Asignado,Salón Apolo
327,966217823,MO0058,Compumax,Equipo de computo,Mouse,65000,Compumax Computo,Mouse-Bodg50-9048-900-0044 GMRESC R3,Sin serial,Campuslands,Asignado,Salón Apolo
327,966217823,CPU060,Compumax,Equipo de computo,CPU,2200000,Compumax Computo,CPU-Bodg50-9048-900-0044 GMRESC R3,102SN55100,Campuslands,Asignado,Salón Apolo
327,966217823,MON059,Compumax,Equipo de computo,Monitor,550000,Compumax Computo,Monitor-Bodg50-9048-900-0044 GMRESC R3,COM2024CM21070281,Campuslands,Asignado,Salón Apolo
327,966217823,TE0059,Compumax,Equipo de computo,Teclado,65000,Compumax Computo,Teclado-Bodg50-9048-900-0044 GMRESC R3,KBM130091749,Campuslands,Asignado,Salón Apolo
327,966217823,MO0059,Compumax,Equipo de computo,Mouse,65000,Compumax Computo,Mouse-Bodg50-9048-900-0044 GMRESC R3,Sin serial,Campuslands,Asignado,Salón Apolo
327,966217823,CPU061,Compumax,Equipo de computo,CPU,2200000,Compumax Computo,CPU-Bodg50-9048-900-0044 GMRESC R3,400SN39236,Campuslands,Asignado,Salón Apolo
327,966217823,MON060,Compumax,Equipo de computo,Monitor,550000,Compumax Computo,Monitor-Bodg50-9048-900-0044 GMRESC R3,COM2024CM21070205,Campuslands,Asignado,Salón Apolo
327,966217823,TE0060,Compumax,Equipo de computo,Teclado,65000,Compumax Computo,Teclado-Bodg50-9048-900-0044 GMRESC R3,KBM130090740,Campuslands,Asignado,Salón Apolo
327,966217823,MO0060,Compumax,Equipo de computo,Mouse,65000,Compumax Computo,Mouse-Bodg50-9048-900-0044 GMRESC R3,Sin serial,Campuslands,Asignado,Salón Apolo
327,966217823,CPU062,Compumax,Equipo de computo,CPU,2200000,Compumax Computo,CPU-Bodg50-9048-900-0044 GMRESC R3,400SN39216,Campuslands,Asignado,Salón Apolo
327,966217823,MON061,Compumax,Equipo de computo,Monitor,550000,Compumax Computo,Monitor-Bodg50-9048-900-0044 GMRESC R3,COM2024CM21070041,Campuslands,Asignado,Salón Apolo
327,966217823,TE0061,Compumax,Equipo de computo,Teclado,65000,Compumax Computo,Teclado-Bodg50-9048-900-0044 GMRESC R3,KBM130091728,Campuslands,Asignado,Salón Apolo
327,966217823,MO0061,Compumax,Equipo de computo,Mouse,65000,Compumax Computo,Mouse-Bodg50-9048-900-0044 GMRESC R3,Sin serial,Campuslands,Asignado,Salón Apolo
327,966217823,CPU063,Compumax,Equipo de computo,CPU,2200000,Compumax Computo,CPU-Bodg50-9048-900-0044 GMRESC R3,400SN39176,Campuslands,Asignado,Salón Apolo
327,966217823,MON062,Compumax,Equipo de computo,Monitor,550000,Compumax Computo,Monitor-Bodg50-9048-900-0044 GMRESC R3,COM2024CM21070712,Campuslands,Asignado,Salón Apolo
327,966217823,TE0062,Compumax,Equipo de computo,Teclado,65000,Compumax Computo,Teclado-Bodg50-9048-900-0044 GMRESC R3,KBM130090727,Campuslands,Asignado,Salón Apolo
327,966217823,MO0062,Compumax,Equipo de computo,Mouse,65000,Compumax Computo,Mouse-Bodg50-9048-900-0044 GMRESC R3,Sin serial,Campuslands,Asignado,Salón Apolo
327,966217823,CPU064,Compumax,Equipo de computo,CPU,2200000,Compumax Computo,CPU-Bodg50-9048-900-0044 GMRESC R3,102SN55077,Campuslands,Asignado,Salón Apolo
327,966217823,MON063,Compumax,Equipo de computo,Monitor,550000,Compumax Computo,Monitor-Bodg50-9048-900-0044 GMRESC R3,COM2024CM21070129,Campuslands,Asignado,Salón Apolo
327,966217823,TE0063,Compumax,Equipo de computo,Teclado,65000,Compumax Computo,Teclado-Bodg50-9048-900-0044 GMRESC R3,KBM130091727,Campuslands,Asignado,Salón Apolo
327,966217823,MO0063,Compumax,Equipo de computo,Mouse,65000,Compumax Computo,Mouse-Bodg50-9048-900-0044 GMRESC R3,Sin serial,Campuslands,Asignado,Salón Apolo
327,966217823,CPU065,Compumax,Equipo de computo,CPU,2200000,Compumax Computo,CPU-Bodg50-9048-900-0044 GMRESC R3,400SN39211,Campuslands,Asignado,Salón Apolo
327,966217823,MON064,Compumax,Equipo de computo,Monitor,550000,Compumax Computo,Monitor-Bodg50-9048-900-0044 GMRESC R3,COM2024CM21070140,Campuslands,Asignado,Salón Apolo
327,966217823,TE0064,Compumax,Equipo de computo,Teclado,65000,Compumax Computo,Teclado-Bodg50-9048-900-0044 GMRESC R3,KBM130091726,Campuslands,Asignado,Salón Apolo
327,966217823,MO0064,Compumax,Equipo de computo,Mouse,65000,Compumax Computo,Mouse-Bodg50-9048-900-0044 GMRESC R3,Sin serial,Campuslands,Asignado,Salón Apolo
327,966217823,CPU066,Compumax,Equipo de computo,CPU,2200000,Compumax Computo,CPU-Bodg50-9048-900-0044 GMRESC R3,400SN39219,Campuslands,Asignado,Salón Apolo
327,966217823,MON065,Compumax,Equipo de computo,Monitor,550000,Compumax Computo,Monitor-Bodg50-9048-900-0044 GMRESC R3,COM2024CM21070316,Campuslands,Asignado,Salón Apolo
327,966217823,TE0065,Compumax,Equipo de computo,Teclado,65000,Compumax Computo,Teclado-Bodg50-9048-900-0044 GMRESC R3,KBM130090725,Campuslands,Asignado,Salón Apolo
327,966217823,MO0065,Compumax,Equipo de computo,Mouse,65000,Compumax Computo,Mouse-Bodg50-9048-900-0044 GMRESC R3,Sin serial,Campuslands,Asignado,Salón Apolo
327,966217823,CPU067,Compumax,Equipo de computo,CPU,2200000,Compumax Computo,CPU-Bodg50-9048-900-0044 GMRESC R3,102SN55093,Campuslands,Asignado,Salón Apolo
327,966217823,MON066,Compumax,Equipo de computo,Monitor,550000,Compumax Computo,Monitor-Bodg50-9048-900-0044 GMRESC R3,COM2024CM21070153,Campuslands,Asignado,Salón Apolo
327,966217823,TE0066,Compumax,Equipo de computo,Teclado,65000,Compumax Computo,Teclado-Bodg50-9048-900-0044 GMRESC R3,KBM130090726,Campuslands,Asignado,Salón Apolo
327,966217823,MO0066,Compumax,Equipo de computo,Mouse,65000,Compumax Computo,Mouse-Bodg50-9048-900-0044 GMRESC R3,Sin serial,Campuslands,Asignado,Salón Apolo
327,966217823,CPU068,Compumax,Equipo de computo,CPU,2200000,Compumax Computo,CPU-Bodg50-9048-900-0044 GMRESC R3,400SN39210,Campuslands,Asignado,Salón Apolo
327,966217823,MON067,Compumax,Equipo de computo,Monitor,550000,Compumax Computo,Monitor-Bodg50-9048-900-0044 GMRESC R3,COM2024CM21070744,Campuslands,Asignado,Salón Apolo
327,966217823,TE0067,Compumax,Equipo de computo,Teclado,65000,Compumax Computo,Teclado-Bodg50-9048-900-0044 GMRESC R3,KBM130091752,Campuslands,Asignado,Salón Apolo
327,966217823,MO0067,Compumax,Equipo de computo,Mouse,65000,Compumax Computo,Mouse-Bodg50-9048-900-0044 GMRESC R3,Sin serial,Campuslands,Asignado,Salón Apolo
327,966217823,CPU069,Compumax,Equipo de computo,CPU,2200000,Compumax Computo,CPU-Bodg50-9048-900-0044 GMRESC R3,400SN39168,Campuslands,Asignado,Salón Apolo
327,966217823,MON068,Compumax,Equipo de computo,Monitor,550000,Compumax Computo,Monitor-Bodg50-9048-900-0044 GMRESC R3,COM2024CM21070830,Campuslands,Asignado,Salón Apolo
327,966217823,TE0068,Compumax,Equipo de computo,Teclado,65000,Compumax Computo,Teclado-Bodg50-9048-900-0044 GMRESC R3,KBM130090753,Campuslands,Asignado,Salón Apolo
327,966217823,MO0068,Compumax,Equipo de computo,Mouse,65000,Compumax Computo,Mouse-Bodg50-9048-900-0044 GMRESC R3,Sin serial,Campuslands,Asignado,Salón Apolo
327,966217823,CPU070,Compumax,Equipo de computo,CPU,2200000,Compumax Computo,CPU-Bodg50-9048-900-0044 GMRESC R3,400SN39191,Campuslands,Asignado,Salón Apolo
327,966217823,MON069,Compumax,Equipo de computo,Monitor,550000,Compumax Computo,Monitor-Bodg50-9048-900-0044 GMRESC R3,COM2024CM21070407,Campuslands,Asignado,Salón Apolo
327,966217823,TE0069,Compumax,Equipo de computo,Teclado,65000,Compumax Computo,Teclado-Bodg50-9048-900-0044 GMRESC R3,KBM130091753,Campuslands,Asignado,Salón Apolo
327,966217823,MO0069,Compumax,Equipo de computo,Mouse,65000,Compumax Computo,Mouse-Bodg50-9048-900-0044 GMRESC R3,Sin serial,Campuslands,Asignado,Salón Apolo
327,966217823,CPU071,Compumax,Equipo de computo,CPU,2200000,Compumax Computo,CPU-Bodg50-9048-900-0044 GMRESC R3,102SN55080,Campuslands,Asignado,Salón Artemis
327,966217823,MON070,Compumax,Equipo de computo,Monitor,550000,Compumax Computo,Monitor-Bodg50-9048-900-0044 GMRESC R3,COM2024CM21070498,Campuslands,Asignado,Salón Artemis
327,966217823,TE0070,Compumax,Equipo de computo,Teclado,65000,Compumax Computo,Teclado-Bodg50-9048-900-0044 GMRESC R3,KBM130090722,Campuslands,Asignado,Salón Artemis
327,966217823,MO0070,Compumax,Equipo de computo,Mouse,65000,Compumax Computo,Mouse-Bodg50-9048-900-0044 GMRESC R3,Sin serial,Campuslands,Asignado,Salón Artemis
327,966217823,CPU072,Compumax,Equipo de computo,CPU,2200000,Compumax Computo,CPU-Bodg50-9048-900-0044 GMRESC R3,400SN39221,Campuslands,Asignado,Salón Artemis
327,966217823,MON071,Compumax,Equipo de computo,Monitor,550000,Compumax Computo,Monitor-Bodg50-9048-900-0044 GMRESC R3,COM2024CM21070464,Campuslands,Asignado,Salón Artemis
327,966217823,TE0071,Compumax,Equipo de computo,Teclado,65000,Compumax Computo,Teclado-Bodg50-9048-900-0044 GMRESC R3,KBM130090723,Campuslands,Asignado,Salón Artemis
327,966217823,MO0071,Compumax,Equipo de computo,Mouse,65000,Compumax Computo,Mouse-Bodg50-9048-900-0044 GMRESC R3,Sin serial,Campuslands,Asignado,Salón Artemis
327,966217823,CPU073,Compumax,Equipo de computo,CPU,2200000,Compumax Computo,CPU-Bodg50-9048-900-0044 GMRESC R3,400SN39230,Campuslands,Asignado,Salón Artemis
327,966217823,MON072,Compumax,Equipo de computo,Monitor,550000,Compumax Computo,Monitor-Bodg50-9048-900-0044 GMRESC R3,COM2024CM21070504,Campuslands,Asignado,Salón Artemis
327,966217823,TE0072,Compumax,Equipo de computo,Teclado,65000,Compumax Computo,Teclado-Bodg50-9048-900-0044 GMRESC R3,KBM130091725,Campuslands,Asignado,Salón Artemis
327,966217823,MO0072,Compumax,Equipo de computo,Mouse,65000,Compumax Computo,Mouse-Bodg50-9048-900-0044 GMRESC R3,Sin serial,Campuslands,Asignado,Salón Artemis
327,966217823,CPU074,Compumax,Equipo de computo,CPU,2200000,Compumax Computo,CPU-Bodg50-9048-900-0044 GMRESC R3,102SN55089,Campuslands,Asignado,Salón Artemis
327,966217823,MON073,Compumax,Equipo de computo,Monitor,550000,Compumax Computo,Monitor-Bodg50-9048-900-0044 GMRESC R3,COM2024CM21070338,Campuslands,Asignado,Salón Artemis
327,966217823,TE0073,Compumax,Equipo de computo,Teclado,65000,Compumax Computo,Teclado-Bodg50-9048-900-0044 GMRESC R3,KBM130091737,Campuslands,Asignado,Salón Artemis
327,966217823,MO0073,Compumax,Equipo de computo,Mouse,65000,Compumax Computo,Mouse-Bodg50-9048-900-0044 GMRESC R3,Sin serial,Campuslands,Asignado,Salón Artemis
327,966217823,CPU075,Compumax,Equipo de computo,CPU,2200000,Compumax Computo,CPU-Bodg50-9048-900-0044 GMRESC R3,400SN39202,Campuslands,Asignado,Salón Artemis
327,966217823,MON074,Compumax,Equipo de computo,Monitor,550000,Compumax Computo,Monitor-Bodg50-9048-900-0044 GMRESC R3,COM2024CM21070759,Campuslands,Asignado,Salón Artemis
327,966217823,TE0074,Compumax,Equipo de computo,Teclado,65000,Compumax Computo,Teclado-Bodg50-9048-900-0044 GMRESC R3,KBM130091702,Campuslands,Asignado,Salón Artemis
327,966217823,MO0074,Compumax,Equipo de computo,Mouse,65000,Compumax Computo,Mouse-Bodg50-9048-900-0044 GMRESC R3,Sin serial,Campuslands,Asignado,Salón Artemis
327,966217823,CPU076,Compumax,Equipo de computo,CPU,2200000,Compumax Computo,CPU-Bodg50-9048-900-0044 GMRESC R3,102SN55088,Campuslands,Asignado,Salón Artemis
327,966217823,MON075,Compumax,Equipo de computo,Monitor,550000,Compumax Computo,Monitor-Bodg50-9048-900-0044 GMRESC R3,COM2024CM21070817,Campuslands,Asignado,Salón Artemis
327,966217823,TE0075,Compumax,Equipo de computo,Teclado,65000,Compumax Computo,Teclado-Bodg50-9048-900-0044 GMRESC R3,KBM130090737,Campuslands,Asignado,Salón Artemis
327,966217823,MO0075,Compumax,Equipo de computo,Mouse,65000,Compumax Computo,Mouse-Bodg50-9048-900-0044 GMRESC R3,Sin serial,Campuslands,Asignado,Salón Artemis
327,966217823,CPU077,Compumax,Equipo de computo,CPU,2200000,Compumax Computo,CPU-Bodg50-9048-900-0044 GMRESC R3,400SN39226,Campuslands,Asignado,Salón Artemis
327,966217823,MON076,Compumax,Equipo de computo,Monitor,550000,Compumax Computo,Monitor-Bodg50-9048-900-0044 GMRESC R3,COM2024CM21070280,Campuslands,Asignado,Salón Artemis
327,966217823,TE0076,Compumax,Equipo de computo,Teclado,65000,Compumax Computo,Teclado-Bodg50-9048-900-0044 GMRESC R3,KBM130090706,Campuslands,Asignado,Salón Artemis
327,966217823,MO0076,Compumax,Equipo de computo,Mouse,65000,Compumax Computo,Mouse-Bodg50-9048-900-0044 GMRESC R3,Sin serial,Campuslands,Asignado,Salón Artemis
327,966217823,CPU078,Compumax,Equipo de computo,CPU,2200000,Compumax Computo,CPU-Bodg50-9048-900-0044 GMRESC R3,400SN39235,Campuslands,Asignado,Salón Artemis
327,966217823,MON077,Compumax,Equipo de computo,Monitor,550000,Compumax Computo,Monitor-Bodg50-9048-900-0044 GMRESC R3,COM2024CM21070668,Campuslands,Asignado,Salón Artemis
327,966217823,TE0077,Compumax,Equipo de computo,Teclado,65000,Compumax Computo,Teclado-Bodg50-9048-900-0044 GMRESC R3,KBM130090707,Campuslands,Asignado,Salón Artemis
327,966217823,MO0077,Compumax,Equipo de computo,Mouse,65000,Compumax Computo,Mouse-Bodg50-9048-900-0044 GMRESC R3,Sin serial,Campuslands,Asignado,Salón Artemis
327,966217823,CPU079,Compumax,Equipo de computo,CPU,2200000,Compumax Computo,CPU-Bodg50-9048-900-0044 GMRESC R3,400SN39188,Campuslands,Asignado,Salón Artemis
327,966217823,MON078,Compumax,Equipo de computo,Monitor,550000,Compumax Computo,Monitor-Bodg50-9048-900-0044 GMRESC R3,COM2024CM21070138,Campuslands,Asignado,Salón Artemis
327,966217823,TE0078,Compumax,Equipo de computo,Teclado,65000,Compumax Computo,Teclado-Bodg50-9048-900-0044 GMRESC R3,KBM130091729,Campuslands,Asignado,Salón Artemis
327,966217823,MO0078,Compumax,Equipo de computo,Mouse,65000,Compumax Computo,Mouse-Bodg50-9048-900-0044 GMRESC R3,Sin serial,Campuslands,Asignado,Salón Artemis
327,966217823,CPU080,Compumax,Equipo de computo,CPU,2200000,Compumax Computo,CPU-Bodg50-9048-900-0044 GMRESC R3,400SN39209,Campuslands,Asignado,Salón Artemis
327,966217823,MON079,Compumax,Equipo de computo,Monitor,550000,Compumax Computo,Monitor-Bodg50-9048-900-0044 GMRESC R3,COM2024CM21070451,Campuslands,Asignado,Salón Artemis
327,966217823,TE0079,Compumax,Equipo de computo,Teclado,65000,Compumax Computo,Teclado-Bodg50-9048-900-0044 GMRESC R3,KBM130090730,Campuslands,Asignado,Salón Artemis
327,966217823,MO0079,Compumax,Equipo de computo,Mouse,65000,Compumax Computo,Mouse-Bodg50-9048-900-0044 GMRESC R3,Sin serial,Campuslands,Asignado,Salón Artemis
327,966217823,CPU081,Compumax,Equipo de computo,CPU,2200000,Compumax Computo,CPU-Bodg50-9048-900-0044 GMRESC R3,102SN55110,Campuslands,Asignado,Salón Artemis
327,966217823,MON080,Compumax,Equipo de computo,Monitor,550000,Compumax Computo,Monitor-Bodg50-9048-900-0044 GMRESC R3,COM2024CM21070012,Campuslands,Asignado,Salón Artemis
327,966217823,TE0080,Compumax,Equipo de computo,Teclado,65000,Compumax Computo,Teclado-Bodg50-9048-900-0044 GMRESC R3,KBM130091730,Campuslands,Asignado,Salón Artemis
327,966217823,MO0080,Compumax,Equipo de computo,Mouse,65000,Compumax Computo,Mouse-Bodg50-9048-900-0044 GMRESC R3,Sin serial,Campuslands,Asignado,Salón Artemis
327,966217823,CPU082,Compumax,Equipo de computo,CPU,2200000,Compumax Computo,CPU-Bodg50-9048-900-0044 GMRESC R3,102SN55109,Campuslands,Asignado,Salón Artemis
327,966217823,MON081,Compumax,Equipo de computo,Monitor,550000,Compumax Computo,Monitor-Bodg50-9048-900-0044 GMRESC R3,COM2024CM21070786,Campuslands,Asignado,Salón Artemis
327,966217823,TE0081,Compumax,Equipo de computo,Teclado,65000,Compumax Computo,Teclado-Bodg50-9048-900-0044 GMRESC R3,KBM130090296,Campuslands,Asignado,Salón Artemis
327,966217823,MO0081,Compumax,Equipo de computo,Mouse,65000,Compumax Computo,Mouse-Bodg50-9048-900-0044 GMRESC R3,Sin serial,Campuslands,Asignado,Salón Artemis
327,966217823,CPU083,Compumax,Equipo de computo,CPU,2200000,Compumax Computo,CPU-Bodg50-9048-900-0044 GMRESC R3,102SN55103,Campuslands,Asignado,Salón Artemis
327,966217823,MON082,Compumax,Equipo de computo,Monitor,550000,Compumax Computo,Monitor-Bodg50-9048-900-0044 GMRESC R3,COM2024CM21070515,Campuslands,Asignado,Salón Artemis
327,966217823,TE0082,Compumax,Equipo de computo,Teclado,65000,Compumax Computo,Teclado-Bodg50-9048-900-0044 GMRESC R3,KBM130090724,Campuslands,Asignado,Salón Artemis
327,966217823,MO0082,Compumax,Equipo de computo,Mouse,65000,Compumax Computo,Mouse-Bodg50-9048-900-0044 GMRESC R3,Sin serial,Campuslands,Asignado,Salón Artemis
327,966217823,CPU084,Compumax,Equipo de computo,CPU,2200000,Compumax Computo,CPU-Bodg50-9048-900-0044 GMRESC R3,400SN39222,Campuslands,Asignado,Salón Artemis
327,966217823,MON083,Compumax,Equipo de computo,Monitor,550000,Compumax Computo,Monitor-Bodg50-9048-900-0044 GMRESC R3,COM2024CM21070386,Campuslands,Asignado,Salón Artemis
327,966217823,TE0083,Compumax,Equipo de computo,Teclado,65000,Compumax Computo,Teclado-Bodg50-9048-900-0044 GMRESC R3,KBM130091724,Campuslands,Asignado,Salón Artemis
327,966217823,MO0083,Compumax,Equipo de computo,Mouse,65000,Compumax Computo,Mouse-Bodg50-9048-900-0044 GMRESC R3,Sin serial,Campuslands,Asignado,Salón Artemis
327,966217823,CPU085,Compumax,Equipo de computo,CPU,2200000,Compumax Computo,CPU-Bodg50-9048-900-0044 GMRESC R3,102SN55090,Campuslands,Asignado,Salón Artemis
327,966217823,MON084,Compumax,Equipo de computo,Monitor,550000,Compumax Computo,Monitor-Bodg50-9048-900-0044 GMRESC R3,COM2024CM21070777,Campuslands,Asignado,Salón Artemis
327,966217823,TE0084,Compumax,Equipo de computo,Teclado,65000,Compumax Computo,Teclado-Bodg50-9048-900-0044 GMRESC R3,KBM130091723,Campuslands,Asignado,Salón Artemis
327,966217823,MO0084,Compumax,Equipo de computo,Mouse,65000,Compumax Computo,Mouse-Bodg50-9048-900-0044 GMRESC R3,Sin serial,Campuslands,Asignado,Salón Artemis
327,966217823,CPU086,Compumax,Equipo de computo,CPU,2200000,Compumax Computo,CPU-Bodg50-9048-900-0044 GMRESC R3,102SN55076,Campuslands,Asignado,Salón Artemis
327,966217823,MON085,Compumax,Equipo de computo,Monitor,550000,Compumax Computo,Monitor-Bodg50-9048-900-0044 GMRESC R3,COM2024CM21070025,Campuslands,Asignado,Salón Artemis
327,966217823,TE0085,Compumax,Equipo de computo,Teclado,65000,Compumax Computo,Teclado-Bodg50-9048-900-0044 GMRESC R3,KBM130091720,Campuslands,Asignado,Salón Artemis
327,966217823,MO0085,Compumax,Equipo de computo,Mouse,65000,Compumax Computo,Mouse-Bodg50-9048-900-0044 GMRESC R3,Sin serial,Campuslands,Asignado,Salón Artemis
327,966217823,CPU087,Compumax,Equipo de computo,CPU,2200000,Compumax Computo,CPU-Bodg50-9048-900-0044 GMRESC R3,400SN39225,Campuslands,Asignado,Salón Artemis
327,966217823,MON086,Compumax,Equipo de computo,Monitor,550000,Compumax Computo,Monitor-Bodg50-9048-900-0044 GMRESC R3,COM2024CM21070137,Campuslands,Asignado,Salón Artemis
327,966217823,TE0086,Compumax,Equipo de computo,Teclado,65000,Compumax Computo,Teclado-Bodg50-9048-900-0044 GMRESC R3,KBM130090747,Campuslands,Asignado,Salón Artemis
327,966217823,MO0086,Compumax,Equipo de computo,Mouse,65000,Compumax Computo,Mouse-Bodg50-9048-900-0044 GMRESC R3,Sin serial,Campuslands,Asignado,Salón Artemis
327,966217823,CPU088,Compumax,Equipo de computo,CPU,2200000,Compumax Computo,CPU-Bodg50-9048-900-0044 GMRESC R3,102SN55094,Campuslands,Asignado,Salón Artemis
327,966217823,MON087,Compumax,Equipo de computo,Monitor,550000,Compumax Computo,Monitor-Bodg50-9048-900-0044 GMRESC R3,COM2024CM21070565,Campuslands,Asignado,Salón Artemis
327,966217823,TE0087,Compumax,Equipo de computo,Teclado,65000,Compumax Computo,Teclado-Bodg50-9048-900-0044 GMRESC R3,KBM130091736,Campuslands,Asignado,Salón Artemis
327,966217823,MO0087,Compumax,Equipo de computo,Mouse,65000,Compumax Computo,Mouse-Bodg50-9048-900-0044 GMRESC R3,Sin serial,Campuslands,Asignado,Salón Artemis
327,966217823,CPU089,Compumax,Equipo de computo,CPU,2200000,Compumax Computo,CPU-Bodg50-9048-900-0044 GMRESC R3,400SN39228,Campuslands,Asignado,Salón Artemis
327,966217823,MON088,Compumax,Equipo de computo,Monitor,550000,Compumax Computo,Monitor-Bodg50-9048-900-0044 GMRESC R3,COM2024CM21070574,Campuslands,Asignado,Salón Artemis
327,966217823,TE0088,Compumax,Equipo de computo,Teclado,65000,Compumax Computo,Teclado-Bodg50-9048-900-0044 GMRESC R3,KBM130090721,Campuslands,Asignado,Salón Artemis
327,966217823,MO0088,Compumax,Equipo de computo,Mouse,65000,Compumax Computo,Mouse-Bodg50-9048-900-0044 GMRESC R3,Sin serial,Campuslands,Asignado,Salón Artemis
327,966217823,CPU090,Compumax,Equipo de computo,CPU,2200000,Compumax Computo,CPU-Bodg50-9048-900-0044 GMRESC R3,400SN39205,Campuslands,Asignado,Salón Artemis
327,966217823,MON089,Compumax,Equipo de computo,Monitor,550000,Compumax Computo,Monitor-Bodg50-9048-900-0044 GMRESC R3,COM2024CM21070092,Campuslands,Asignado,Salón Artemis
327,966217823,TE0089,Compumax,Equipo de computo,Teclado,65000,Compumax Computo,Teclado-Bodg50-9048-900-0044 GMRESC R3,KBM130090720,Campuslands,Asignado,Salón Artemis
327,966217823,MO0089,Compumax,Equipo de computo,Mouse,65000,Compumax Computo,Mouse-Bodg50-9048-900-0044 GMRESC R3,Sin serial,Campuslands,Asignado,Salón Artemis
327,966217823,CPU091,Compumax,Equipo de computo,CPU,2200000,Compumax Computo,CPU-Bodg50-9048-900-0044 GMRESC R3,102SN55087,Campuslands,Asignado,Salón Artemis
327,966217823,MON090,Compumax,Equipo de computo,Monitor,550000,Compumax Computo,Monitor-Bodg50-9048-900-0044 GMRESC R3,COM2024CM21070318,Campuslands,Asignado,Salón Artemis
327,966217823,TE0090,Compumax,Equipo de computo,Teclado,65000,Compumax Computo,Teclado-Bodg50-9048-900-0044 GMRESC R3,KBM130091722,Campuslands,Asignado,Salón Artemis
327,966217823,MO0090,Compumax,Equipo de computo,Mouse,65000,Compumax Computo,Mouse-Bodg50-9048-900-0044 GMRESC R3,Sin serial,Campuslands,Asignado,Salón Artemis
327,966217823,CPU092,Compumax,Equipo de computo,CPU,2200000,Compumax Computo,CPU-Bodg50-9048-900-0044 GMRESC R3,400SN39177,Campuslands,Asignado,Salón Artemis
327,966217823,MON091,Compumax,Equipo de computo,Monitor,550000,Compumax Computo,Monitor-Bodg50-9048-900-0044 GMRESC R3,COM2024CM21070834,Campuslands,Asignado,Salón Artemis
327,966217823,TE0091,Compumax,Equipo de computo,Teclado,65000,Compumax Computo,Teclado-Bodg50-9048-900-0044 GMRESC R3,KBM130091721,Campuslands,Asignado,Salón Artemis
327,966217823,MO0091,Compumax,Equipo de computo,Mouse,65000,Compumax Computo,Mouse-Bodg50-9048-900-0044 GMRESC R3,Sin serial,Campuslands,Asignado,Salón Artemis
327,966217823,CPU093,Compumax,Equipo de computo,CPU,2200000,Compumax Computo,CPU-Bodg50-9048-900-0044 GMRESC R3,102SN55102,Campuslands,Asignado,Salón Artemis
327,966217823,MON092,Compumax,Equipo de computo,Monitor,550000,Compumax Computo,Monitor-Bodg50-9048-900-0044 GMRESC R3,COM2024CM21070199,Campuslands,Asignado,Salón Artemis
327,966217823,TE0092,Compumax,Equipo de computo,Teclado,65000,Compumax Computo,Teclado-Bodg50-9048-900-0044 GMRESC R3,KBM130090736,Campuslands,Asignado,Salón Artemis
327,966217823,MO0092,Compumax,Equipo de computo,Mouse,65000,Compumax Computo,Mouse-Bodg50-9048-900-0044 GMRESC R3,Sin serial,Campuslands,Asignado,Salón Artemis
327,966217823,CPU094,Compumax,Equipo de computo,CPU,2200000,Compumax Computo,CPU-Bodg50-9048-900-0044 GMRESC R3,400SN39234,Campuslands,Asignado,Salón Artemis
327,966217823,MON093,Compumax,Equipo de computo,Monitor,550000,Compumax Computo,Monitor-Bodg50-9048-900-0044 GMRESC R3,COM2024CM21070503,Campuslands,Asignado,Salón Artemis
327,966217823,TE0093,Compumax,Equipo de computo,Teclado,65000,Compumax Computo,Teclado-Bodg50-9048-900-0044 GMRESC R3,KBM130091738,Campuslands,Asignado,Salón Artemis
327,966217823,MO0093,Compumax,Equipo de computo,Mouse,65000,Compumax Computo,Mouse-Bodg50-9048-900-0044 GMRESC R3,Sin serial,Campuslands,Asignado,Salón Artemis
327,966217823,CPU095,Compumax,Equipo de computo,CPU,2200000,Compumax Computo,CPU-Bodg50-9048-900-0044 GMRESC R3,400SN39174,Campuslands,Asignado,Salón Artemis
327,966217823,MON094,Compumax,Equipo de computo,Monitor,550000,Compumax Computo,Monitor-Bodg50-9048-900-0044 GMRESC R3,COM2024CM21070236,Campuslands,Asignado,Salón Artemis
327,966217823,TE0094,Compumax,Equipo de computo,Teclado,65000,Compumax Computo,Teclado-Bodg50-9048-900-0044 GMRESC R3,KBM130090702,Campuslands,Asignado,Salón Artemis
327,966217823,MO0094,Compumax,Equipo de computo,Mouse,65000,Compumax Computo,Mouse-Bodg50-9048-900-0044 GMRESC R3,Sin serial,Campuslands,Asignado,Salón Artemis
327,966217823,CPU096,Compumax,Equipo de computo,CPU,2200000,Compumax Computo,CPU-Bodg50-9048-900-0044 GMRESC R3,102SN55095,Campuslands,Asignado,Salón Artemis
327,966217823,MON095,Compumax,Equipo de computo,Monitor,550000,Compumax Computo,Monitor-Bodg50-9048-900-0044 GMRESC R3,COM2024CM21070097,Campuslands,Asignado,Salón Artemis
327,966217823,TE0095,Compumax,Equipo de computo,Teclado,65000,Compumax Computo,Teclado-Bodg50-9048-900-0044 GMRESC R3,KBM130091745,Campuslands,Asignado,Salón Artemis
327,966217823,MO0095,Compumax,Equipo de computo,Mouse,65000,Compumax Computo,Mouse-Bodg50-9048-900-0044 GMRESC R3,Sin serial,Campuslands,Asignado,Salón Artemis
327,966217823,CPU097,Compumax,Equipo de computo,CPU,2200000,Compumax Computo,CPU-Bodg50-9048-900-0044 GMRESC R3,102SN55086,Campuslands,Asignado,Salón Artemis
327,966217823,MON096,Compumax,Equipo de computo,Monitor,550000,Compumax Computo,Monitor-Bodg50-9048-900-0044 GMRESC R3,COM2024CM21070239,Campuslands,Asignado,Salón Artemis
327,966217823,TE0096,Compumax,Equipo de computo,Teclado,65000,Compumax Computo,Teclado-Bodg50-9048-900-0044 GMRESC R3,KBM130090746,Campuslands,Asignado,Salón Artemis
327,966217823,MO0096,Compumax,Equipo de computo,Mouse,65000,Compumax Computo,Mouse-Bodg50-9048-900-0044 GMRESC R3,Sin serial,Campuslands,Asignado,Salón Artemis
327,966217823,CPU098,Compumax,Equipo de computo,CPU,2200000,Compumax Computo,CPU-Bodg50-9048-900-0044 GMRESC R3,400SN39172,Campuslands,Asignado,Salón Artemis
327,966217823,MON097,Compumax,Equipo de computo,Monitor,550000,Compumax Computo,Monitor-Bodg50-9048-900-0044 GMRESC R3,COM2024CM21070442,Campuslands,Asignado,Salón Artemis
327,966217823,TE0097,Compumax,Equipo de computo,Teclado,65000,Compumax Computo,Teclado-Bodg50-9048-900-0044 GMRESC R3,KBM130091746,Campuslands,Asignado,Salón Artemis
327,966217823,MO0097,Compumax,Equipo de computo,Mouse,65000,Compumax Computo,Mouse-Bodg50-9048-900-0044 GMRESC R3,Sin serial,Campuslands,Asignado,Salón Artemis
327,966217823,CPU099,Compumax,Equipo de computo,CPU,2200000,Compumax Computo,CPU-Bodg50-9048-900-0044 GMRESC R3,102SN55083,Campuslands,Asignado,Salón Artemis
327,966217823,MON098,Compumax,Equipo de computo,Monitor,550000,Compumax Computo,Monitor-Bodg50-9048-900-0044 GMRESC R3,COM2024CM21070223,Campuslands,Asignado,Salón Artemis
327,966217823,TE0098,Compumax,Equipo de computo,Teclado,65000,Compumax Computo,Teclado-Bodg50-9048-900-0044 GMRESC R3,KBM130091747,Campuslands,Asignado,Salón Artemis
327,966217823,MO0098,Compumax,Equipo de computo,Mouse,65000,Compumax Computo,Mouse-Bodg50-9048-900-0044 GMRESC R3,Sin serial,Campuslands,Asignado,Salón Artemis
327,966217823,CPU100,Compumax,Equipo de computo,CPU,2200000,Compumax Computo,CPU-Bodg50-9048-900-0044 GMRESC R3,400SN39215,Campuslands,Asignado,Salón Artemis
327,966217823,MON099,Compumax,Equipo de computo,Monitor,550000,Compumax Computo,Monitor-Bodg50-9048-900-0044 GMRESC R3,COM2024CM21070482,Campuslands,Asignado,Salón Artemis
327,966217823,TE0099,Compumax,Equipo de computo,Teclado,65000,Compumax Computo,Teclado-Bodg50-9048-900-0044 GMRESC R3,KBM130091744,Campuslands,Asignado,Salón Artemis
327,966217823,MO0099,Compumax,Equipo de computo,Mouse,65000,Compumax Computo,Mouse-Bodg50-9048-900-0044 GMRESC R3,Sin serial,Campuslands,Asignado,Salón Artemis
327,966217823,CPU101,Compumax,Equipo de computo,CPU,2200000,Compumax Computo,CPU-Bodg50-9048-900-0044 GMRESC R3,400SN39227,Campuslands,Asignado,Salón Artemis
327,966217823,MON100,Compumax,Equipo de computo,Monitor,550000,Compumax Computo,Monitor-Bodg50-9048-900-0044 GMRESC R3,COM2024CM21070844,Campuslands,Asignado,Salón Artemis
327,966217823,TE0100,Compumax,Equipo de computo,Teclado,65000,Compumax Computo,Teclado-Bodg50-9048-900-0044 GMRESC R3,KBM130090744,Campuslands,Asignado,Salón Artemis
327,966217823,MO0100,Compumax,Equipo de computo,Mouse,65000,Compumax Computo,Mouse-Bodg50-9048-900-0044 GMRESC R3,Sin serial,Campuslands,Asignado,Salón Artemis
327,966217823,CPU102,Compumax,Equipo de computo,CPU,2200000,Compumax Computo,CPU-Bodg50-9048-900-0044 GMRESC R3,400SN39169,Campuslands,Asignado,Salón Artemis
327,966217823,MON101,Compumax,Equipo de computo,Monitor,550000,Compumax Computo,Monitor-Bodg50-9048-900-0044 GMRESC R3,COM2024CM21070418,Campuslands,Asignado,Salón Artemis
327,966217823,TE0101,Compumax,Equipo de computo,Teclado,65000,Compumax Computo,Teclado-Bodg50-9048-900-0044 GMRESC R3,KBM130090752,Campuslands,Asignado,Salón Artemis
327,966217823,MO0101,Compumax,Equipo de computo,Mouse,65000,Compumax Computo,Mouse-Bodg50-9048-900-0044 GMRESC R3,Sin serial,Campuslands,Asignado,Salón Artemis
327,966217823,CPU103,Compumax,Equipo de computo,CPU,2000000,Compumax Computo,CPU - Bodg50 - 4051 -900 - 0005R5,500SN32576,Campuslands,Asignado,Salón Skylab
327,966217823,MON102,Compumax,Equipo de computo,Monitor,570000,Compumax Computo,Monitor - Bodg50 - 4051 -900 - 0005R5,COM2024CM21070597,Campuslands,Asignado,Salón Skylab
327,966217823,TE0102,Compumax,Equipo de computo,Teclado,72000,Compumax Computo,Teclado - Bodg50 - 4051 -900 - 0005R5,CK440U-10923,Campuslands,Asignado,Salón Skylab
327,966217823,MO0102,Compumax,Equipo de computo,Mouse,49000,Compumax Computo,Mouse - Bodg50 - 4051 -900 - 0005R5,Sin serial,Campuslands,Asignado,Salón Skylab
327,966217823,CPU104,Compumax,Equipo de computo,CPU,2000000,Compumax Computo,CPU - Bodg50 - 4051 -900 - 0005R5,500SN32598,Campuslands,Asignado,Salón Skylab
327,966217823,MON103,Compumax,Equipo de computo,Monitor,570000,Compumax Computo,Monitor - Bodg50 - 4051 -900 - 0005R5,COM2024CM21070864,Campuslands,Asignado,Salón Skylab
327,966217823,TE0103,Compumax,Equipo de computo,Teclado,72000,Compumax Computo,Teclado - Bodg50 - 4051 -900 - 0005R5,CK440U-10924,Campuslands,Asignado,Salón Skylab
327,966217823,MO0103,Compumax,Equipo de computo,Mouse,49000,Compumax Computo,Mouse - Bodg50 - 4051 -900 - 0005R5,Sin serial,Campuslands,Asignado,Salón Skylab
327,966217823,CPU105,Compumax,Equipo de computo,CPU,2000000,Compumax Computo,CPU - Bodg50 - 4051 -900 - 0005R5,500SN32557,Campuslands,Asignado,Salón Skylab
327,966217823,MON104,Compumax,Equipo de computo,Monitor,570000,Compumax Computo,Monitor - Bodg50 - 4051 -900 - 0005R5,COM2024CM21070602,Campuslands,Asignado,Salón Skylab
327,966217823,TE0104,Compumax,Equipo de computo,Teclado,72000,Compumax Computo,Teclado - Bodg50 - 4051 -900 - 0005R5,CK440U-10925,Campuslands,Asignado,Salón Skylab
327,966217823,MO0104,Compumax,Equipo de computo,Mouse,49000,Compumax Computo,Mouse - Bodg50 - 4051 -900 - 0005R5,Sin serial,Campuslands,Asignado,Salón Skylab
327,966217823,CPU106,Compumax,Equipo de computo,CPU,2000000,Compumax Computo,CPU - Bodg50 - 4051 -900 - 0005R5,500SN32564,Campuslands,Asignado,Salón Skylab
327,966217823,MON105,Compumax,Equipo de computo,Monitor,570000,Compumax Computo,Monitor - Bodg50 - 4051 -900 - 0005R5,COM2024CM21070823,Campuslands,Asignado,Salón Skylab
327,966217823,TE0105,Compumax,Equipo de computo,Teclado,72000,Compumax Computo,Teclado - Bodg50 - 4051 -900 - 0005R5,CK440U-10926,Campuslands,Asignado,Salón Skylab
327,966217823,MO0105,Compumax,Equipo de computo,Mouse,49000,Compumax Computo,Mouse - Bodg50 - 4051 -900 - 0005R5,Sin serial,Campuslands,Asignado,Salón Skylab
327,966217823,CPU107,Compumax,Equipo de computo,CPU,2000000,Compumax Computo,CPU - Bodg50 - 4051 -900 - 0005R5,500SN32556,Campuslands,Asignado,Salón Skylab
327,966217823,MON106,Compumax,Equipo de computo,Monitor,570000,Compumax Computo,Monitor - Bodg50 - 4051 -900 - 0005R5,COM2024CM21070855,Campuslands,Asignado,Salón Skylab
327,966217823,TE0106,Compumax,Equipo de computo,Teclado,72000,Compumax Computo,Teclado - Bodg50 - 4051 -900 - 0005R5,CK440U-10927,Campuslands,Asignado,Salón Skylab
327,966217823,MO0106,Compumax,Equipo de computo,Mouse,49000,Compumax Computo,Mouse - Bodg50 - 4051 -900 - 0005R5,Sin serial,Campuslands,Asignado,Salón Skylab
327,966217823,CPU108,Compumax,Equipo de computo,CPU,2000000,Compumax Computo,CPU - Bodg50 - 4051 -900 - 0005R5,500SN32571,Campuslands,Asignado,Salón Skylab
327,966217823,MON107,Compumax,Equipo de computo,Monitor,570000,Compumax Computo,Monitor - Bodg50 - 4051 -900 - 0005R5,COM2024CM21070180,Campuslands,Asignado,Salón Skylab
327,966217823,TE0107,Compumax,Equipo de computo,Teclado,72000,Compumax Computo,Teclado - Bodg50 - 4051 -900 - 0005R5,CK440U-10936,Campuslands,Asignado,Salón Skylab
327,966217823,MO0107,Compumax,Equipo de computo,Mouse,49000,Compumax Computo,Mouse - Bodg50 - 4051 -900 - 0005R5,Sin serial,Campuslands,Asignado,Salón Skylab
327,966217823,CPU109,Compumax,Equipo de computo,CPU,2000000,Compumax Computo,CPU - Bodg50 - 4051 -900 - 0005R5,500SN32591,Campuslands,Asignado,Salón Skylab
327,966217823,MON108,Compumax,Equipo de computo,Monitor,570000,Compumax Computo,Monitor - Bodg50 - 4051 -900 - 0005R5,COM2024CM21070122,Campuslands,Asignado,Salón Skylab
327,966217823,TE0108,Compumax,Equipo de computo,Teclado,72000,Compumax Computo,Teclado - Bodg50 - 4051 -900 - 0005R5,CK440U-10937,Campuslands,Asignado,Salón Skylab
327,966217823,MO0108,Compumax,Equipo de computo,Mouse,49000,Compumax Computo,Mouse - Bodg50 - 4051 -900 - 0005R5,Sin serial,Campuslands,Asignado,Salón Skylab
327,966217823,CPU110,Compumax,Equipo de computo,CPU,2000000,Compumax Computo,CPU - Bodg50 - 4051 -900 - 0005R5,500SN32584,Campuslands,Asignado,Salón Skylab
327,966217823,MON109,Compumax,Equipo de computo,Monitor,570000,Compumax Computo,Monitor - Bodg50 - 4051 -900 - 0005R5,COM2024CM21070784,Campuslands,Asignado,Salón Skylab
327,966217823,TE0109,Compumax,Equipo de computo,Teclado,72000,Compumax Computo,Teclado - Bodg50 - 4051 -900 - 0005R5,CK440U-10935,Campuslands,Asignado,Salón Skylab
327,966217823,MO0109,Compumax,Equipo de computo,Mouse,49000,Compumax Computo,Mouse - Bodg50 - 4051 -900 - 0005R5,Sin serial,Campuslands,Asignado,Salón Skylab
327,966217823,CPU111,Compumax,Equipo de computo,CPU,2000000,Compumax Computo,CPU - Bodg50 - 4051 -900 - 0005R5,500SN32627,Campuslands,Asignado,Salón Skylab
327,966217823,MON110,Compumax,Equipo de computo,Monitor,570000,Compumax Computo,Monitor - Bodg50 - 4051 -900 - 0005R5,COM2024CM21070095,Campuslands,Asignado,Salón Skylab
327,966217823,TE0110,Compumax,Equipo de computo,Teclado,72000,Compumax Computo,Teclado - Bodg50 - 4051 -900 - 0005R5,CK440U-10974,Campuslands,Asignado,Salón Skylab
327,966217823,MO0110,Compumax,Equipo de computo,Mouse,49000,Compumax Computo,Mouse - Bodg50 - 4051 -900 -0005R5,Sin serial,Campuslands,Asignado,Salón Skylab
327,966217823,CPU112,Compumax,Equipo de computo,CPU,2000000,Compumax Computo,CPU - Bodg50 - 4051 -900 - 0005R5,500SN32621,Campuslands,Asignado,Salón Skylab
327,966217823,MON111,Compumax,Equipo de computo,Monitor,570000,Compumax Computo,Monitor - Bodg50 - 4051 -900 - 0005R5,COM2024CM21070221,Campuslands,Asignado,Salón Skylab
327,966217823,TE0111,Compumax,Equipo de computo,Teclado,72000,Compumax Computo,Teclado - Bodg50 - 4051 -900 - 0005R5,CK440U-10932,Campuslands,Asignado,Salón Skylab
327,966217823,MO0111,Compumax,Equipo de computo,Mouse,49000,Compumax Computo,Mouse - Bodg50 - 4051 -900 - 0005R5,Sin serial,Campuslands,Asignado,Salón Skylab
327,966217823,CPU113,Compumax,Equipo de computo,CPU,2000000,Compumax Computo,CPU - Bodg50 - 4051 -900 - 0005R5,500SN32588,Campuslands,Asignado,Salón Skylab
327,966217823,MON112,Compumax,Equipo de computo,Monitor,570000,Compumax Computo,Monitor - Bodg50 - 4051 -900 - 0005R5,COM2024CM21070836,Campuslands,Asignado,Salón Skylab
327,966217823,TE0112,Compumax,Equipo de computo,Teclado,72000,Compumax Computo,Teclado - Bodg50 - 4051 -900 - 0005R5,CK440U-10934,Campuslands,Asignado,Salón Skylab
327,966217823,MO0112,Compumax,Equipo de computo,Mouse,49000,Compumax Computo,Mouse - Bodg50 - 4051 -900 - 0005R5,Sin serial,Campuslands,Asignado,Salón Skylab
327,966217823,CPU114,Compumax,Equipo de computo,CPU,2000000,Compumax Computo,CPU - Bodg50 - 4051 -900 - 0005R5,500SN32626,Campuslands,Asignado,Salón Skylab
327,966217823,MON113,Compumax,Equipo de computo,Monitor,570000,Compumax Computo,Monitor - Bodg50 - 4051 -900 - 0005R5,COM2024CM21070776,Campuslands,Asignado,Salón Skylab
327,966217823,TE0113,Compumax,Equipo de computo,Teclado,72000,Compumax Computo,Teclado - Bodg50 - 4051 -900 - 0005R5,CK440U-10933,Campuslands,Asignado,Salón Skylab
327,966217823,MO0113,Compumax,Equipo de computo,Mouse,49000,Compumax Computo,Mouse - Bodg50 - 4051 -900 - 0005R5,Sin serial,Campuslands,Asignado,Salón Skylab
327,966217823,CPU115,Compumax,Equipo de computo,CPU,2000000,Compumax Computo,CPU - Bodg50 - 4051 -900 - 0005R5,500SN32596,Campuslands,Asignado,Salón Skylab
327,966217823,MON114,Compumax,Equipo de computo,Monitor,570000,Compumax Computo,Monitor - Bodg50 - 4051 -900 - 0005R5,COM2024CM21070605,Campuslands,Asignado,Salón Skylab
327,966217823,TE0114,Compumax,Equipo de computo,Teclado,72000,Compumax Computo,Teclado - Bodg50 - 4051 -900 - 0005R5,CK440U-10928,Campuslands,Asignado,Salón Skylab
327,966217823,MO0114,Compumax,Equipo de computo,Mouse,49000,Compumax Computo,Mouse - Bodg50 - 4051 -900 - 0005R5,Sin serial,Campuslands,Asignado,Salón Skylab
327,966217823,CPU116,Compumax,Equipo de computo,CPU,2000000,Compumax Computo,CPU - Bodg50 - 4051 -900 - 0005R5,500SN32567,Campuslands,Asignado,Salón Skylab
327,966217823,MON115,Compumax,Equipo de computo,Monitor,570000,Compumax Computo,Monitor - Bodg50 - 4051 -900 - 0005R5,COM2024CM21070511,Campuslands,Asignado,Salón Skylab
327,966217823,TE0115,Compumax,Equipo de computo,Teclado,72000,Compumax Computo,Teclado - Bodg50 - 4051 -900 - 0005R5,CK440U-11024,Campuslands,Asignado,Salón Skylab
327,966217823,MO0115,Compumax,Equipo de computo,Mouse,49000,Compumax Computo,Mouse - Bodg50 - 4051 -900 - 0005R5,Sin serial,Campuslands,Asignado,Salón Skylab
327,966217823,CPU117,Compumax,Equipo de computo,CPU,2000000,Compumax Computo,CPU - Bodg50 - 4051 -900 - 0005R5,500SN32585,Campuslands,Asignado,Salón Skylab
327,966217823,MON116,Compumax,Equipo de computo,Monitor,570000,Compumax Computo,Monitor - Bodg50 - 4051 -900 - 0005R5,COM2024CM21070408,Campuslands,Asignado,Salón Skylab
327,966217823,TE0116,Compumax,Equipo de computo,Teclado,72000,Compumax Computo,Teclado - Bodg50 - 4051 -900 - 0005R5,CK440U-10931,Campuslands,Asignado,Salón Skylab
327,966217823,MO0116,Compumax,Equipo de computo,Mouse,49000,Compumax Computo,Mouse - Bodg50 - 4051 -900 - 0005R5,Sin serial,Campuslands,Asignado,Salón Skylab
327,966217823,CPU118,Compumax,Equipo de computo,CPU,2000000,Compumax Computo,CPU - Bodg50 - 4051 -900 - 0005R5,500SN32572,Campuslands,Asignado,Salón Skylab
327,966217823,MON117,Compumax,Equipo de computo,Monitor,570000,Compumax Computo,Monitor - Bodg50 - 4051 -900 - 0005R5,COM2024CM21070209,Campuslands,Asignado,Salón Skylab
327,966217823,TE0117,Compumax,Equipo de computo,Teclado,72000,Compumax Computo,Teclado - Bodg50 - 4051 -900 - 0005R5,CK440U-11023,Campuslands,Asignado,Salón Skylab
327,966217823,MO0117,Compumax,Equipo de computo,Mouse,49000,Compumax Computo,Mouse - Bodg50 - 4051 -900 - 0005R5,Sin serial,Campuslands,Asignado,Salón Skylab
327,966217823,CPU119,Compumax,Equipo de computo,CPU,2000000,Compumax Computo,CPU - Bodg50 - 4051 -900 - 0005R5,500SN32599,Campuslands,Asignado,Salón Skylab
327,966217823,MON118,Compumax,Equipo de computo,Monitor,570000,Compumax Computo,Monitor - Bodg50 - 4051 -900 - 0005R5,COM2024CM21070285,Campuslands,Asignado,Salón Skylab
327,966217823,TE0118,Compumax,Equipo de computo,Teclado,72000,Compumax Computo,Teclado - Bodg50 - 4051 -900 - 0005R5,CK440U-11026,Campuslands,Asignado,Salón Skylab
327,966217823,MO0118,Compumax,Equipo de computo,Mouse,49000,Compumax Computo,Mouse - Bodg50 - 4051 -900 - 0005R5,Sin serial,Campuslands,Asignado,Salón Skylab
327,966217823,CPU120,Compumax,Equipo de computo,CPU,2000000,Compumax Computo,CPU - Bodg50 - 4051 -900 - 0005R5,500SN32581,Campuslands,Asignado,Salón Skylab
327,966217823,MON119,Compumax,Equipo de computo,Monitor,570000,Compumax Computo,Monitor - Bodg50 - 4051 -900 - 0005R5,COM2024CM21070086,Campuslands,Asignado,Salón Skylab
327,966217823,TE0119,Compumax,Equipo de computo,Teclado,72000,Compumax Computo,Teclado - Bodg50 - 4051 -900 - 0005R5,CK440U-11025,Campuslands,Asignado,Salón Skylab
327,966217823,MO0119,Compumax,Equipo de computo,Mouse,49000,Compumax Computo,Mouse - Bodg50 - 4051 -900 - 0005R5,Sin serial,Campuslands,Asignado,Salón Skylab
327,966217823,CPU121,Compumax,Equipo de computo,CPU,2000000,Compumax Computo,CPU - Bodg50 - 4051 -900 - 0005R5,500SN32619,Campuslands,Asignado,Salón Skylab
327,966217823,MON120,Compumax,Equipo de computo,Monitor,570000,Compumax Computo,Monitor - Bodg50 - 4051 -900 - 0005R5,COM2024CM21070669,Campuslands,Asignado,Salón Skylab
327,966217823,TE0120,Compumax,Equipo de computo,Teclado,72000,Compumax Computo,Teclado - Bodg50 - 4051 -900 - 0005R5,CK440U-10930,Campuslands,Asignado,Salón Skylab
327,966217823,MO0120,Compumax,Equipo de computo,Mouse,49000,Compumax Computo,Mouse - Bodg50 - 4051 -900 - 0005R5,Sin serial,Campuslands,Asignado,Salón Skylab
327,966217823,CPU122,Compumax,Equipo de computo,CPU,2000000,Compumax Computo,CPU - Bodg50 - 4051 -900 - 0005R5,500SN32575,Campuslands,Asignado,Salón Skylab
327,966217823,MON121,Compumax,Equipo de computo,Monitor,570000,Compumax Computo,Monitor - Bodg50 - 4051 -900 - 0005R5,COM2024CM21070692,Campuslands,Asignado,Salón Skylab
327,966217823,TE0121,Compumax,Equipo de computo,Teclado,72000,Compumax Computo,Teclado - Bodg50 - 4051 -900 - 0005R5,CK440U-10929,Campuslands,Asignado,Salón Skylab
327,966217823,MO0121,Compumax,Equipo de computo,Mouse,49000,Compumax Computo,Mouse - Bodg50 - 4051 -900 - 0005R5,Sin serial,Campuslands,Asignado,Salón Skylab
327,966217823,CPU123,Compumax,Equipo de computo,CPU,2000000,Compumax Computo,CPU - Bodg50 - 4051 -900 - 0005R5,500SN32595,Campuslands,Asignado,Sala asesoria
327,966217823,MON122,Compumax,Equipo de computo,Monitor,570000,Compumax Computo,Monitor - Bodg50 - 4051 -900 - 0005R5,COM2024CM21070057,Campuslands,Asignado,Sala asesoria
327,966217823,TE0122,Compumax,Equipo de computo,Teclado,72000,Compumax Computo,Teclado - Bodg50 - 4051 -900 - 0005R5,CK440U-10760,Campuslands,Asignado,Sala asesoria
327,966217823,MO0122,Compumax,Equipo de computo,Mouse,49000,Compumax Computo,Mouse - Bodg50 - 4051 -900 - 0005R5,Sin serial,Campuslands,Asignado,Sala asesoria
327,966217823,CPU124,Compumax,Equipo de computo,CPU,2000000,Compumax Computo,CPU - Bodg50 - 4051 -900 - 0005R5,500SN32604,Campuslands,Asignado,Sala asesoria
327,966217823,MON123,Compumax,Equipo de computo,Monitor,570000,Compumax Computo,Monitor - Bodg50 - 4051 -900 - 0005R5,COM2024CM21070575,Campuslands,Asignado,Sala asesoria
327,966217823,TE0123,Compumax,Equipo de computo,Teclado,72000,Compumax Computo,Teclado - Bodg50 - 4051 -900 - 0005R5,CK440U-10656,Campuslands,Asignado,Sala asesoria